,ALL,UNKNOWN,QQ2HLL_FWDH,QQ2HLL_PTV_0_75_0J,QQ2HLL_PTV_75_150_0J,QQ2HLL_PTV_150_250_0J,QQ2HLL_PTV_250_400_0J,QQ2HLL_PTV_GT400_0J,QQ2HLL_PTV_0_75_1J,QQ2HLL_PTV_75_150_1J,QQ2HLL_PTV_150_250_1J,QQ2HLL_PTV_250_400_1J,QQ2HLL_PTV_GT400_1J,QQ2HLL_PTV_0_75_GE2J,QQ2HLL_PTV_75_150_GE2J,QQ2HLL_PTV_150_250_GE2J,QQ2HLL_PTV_250_400_GE2J,QQ2HLL_PTV_GT400_GE2J,QQ2HQQ_FWDH,QQ2HQQ_0J,QQ2HQQ_1J,QQ2HQQ_GE2J_MJJ_0_60_PTHJJ_0_25,QQ2HQQ_GE2J_MJJ_60_120_PTHJJ_0_25,QQ2HQQ_GE2J_MJJ_120_350_PTHJJ_0_25,QQ2HQQ_GE2J_MJJ_0_60_PTHJJ_GT25,QQ2HQQ_GE2J_MJJ_60_120_PTHJJ_GT25,QQ2HQQ_GE2J_MJJ_120_350_PTHJJ_GT25,QQ2HQQ_GE2J_MJJ_350_700_PTH_0_200_PTHJJ_0_25,QQ2HQQ_GE2J_MJJ_350_700_PTH_0_200_PTHJJ_GT25,QQ2HQQ_GE2J_MJJ_700_1000_PTH_0_200_PTHJJ_0_25,QQ2HQQ_GE2J_MJJ_700_1000_PTH_0_200_PTHJJ_GT25,QQ2HQQ_GE2J_MJJ_1000_1500_PTH_0_200_PTHJJ_0_25,QQ2HQQ_GE2J_MJJ_1000_1500_PTH_0_200_PTHJJ_GT25,QQ2HQQ_GE2J_MJJ_GT1500_PTH_0_200_PTHJJ_0_25,QQ2HQQ_GE2J_MJJ_GT1500_PTH_0_200_PTHJJ_GT25,QQ2HQQ_GE2J_MJJ_350_700_PTH_GT200_PTHJJ_0_25,QQ2HQQ_GE2J_MJJ_350_700_PTH_GT200_PTHJJ_GT25,QQ2HQQ_GE2J_MJJ_700_1000_PTH_GT200_PTHJJ_0_25,QQ2HQQ_GE2J_MJJ_700_1000_PTH_GT200_PTHJJ_GT25,QQ2HQQ_GE2J_MJJ_1000_1500_PTH_GT200_PTHJJ_0_25,QQ2HQQ_GE2J_MJJ_1000_1500_PTH_GT200_PTHJJ_GT25,QQ2HQQ_GE2J_MJJ_GT1500_PTH_GT200_PTHJJ_0_25,QQ2HQQ_GE2J_MJJ_GT1500_PTH_GT200_PTHJJ_GT25
hw_nominal,1.0,0.0025488298186923854,0.03290516888191467,0.09454137972630558,0.056456519898809,0.015774477066819434,0.0035381908715153452,0.0007234176541159478,0.029296243863049506,0.022675684951327706,0.008118743551151811,0.002074723167637117,0.0004480547445881616,0.012541726331370772,0.011647547208487388,0.005115712289805285,0.0015767705054295705,0.0004166045674133701,0.07713923510814992,0.03315415553305896,0.20576123792751794,0.008197591742909632,0.13530750261907867,0.024098579598220225,0.01327354689204688,0.0956886115007741,0.07857398111082187,0.0030001179911513256,0.015375944938341159,0.0003593519230600816,0.0023238628962689483,0.00013696699905435325,0.0009288863469242071,3.452303532812274e-05,0.0003102409147054053,0.0005381266467068856,0.0038460980798423693,0.00010963817183240023,0.0008358871898873664,4.7348433905128924e-05,0.00038642419449203306,1.4844744155290615e-05,0.0001575003633337387
hw_alphaS_up,1.0,0.002546181618126521,0.03279740804556673,0.09432555861623085,0.056209660515652925,0.01564233352634504,0.0034970922966318587,0.0007106074612015792,0.029530341400583342,0.022834813730691194,0.008161747498158444,0.002080782158167847,0.00044763128587115003,0.012642833525195822,0.011731235410928385,0.0051441468846689965,0.0015820861747121908,0.0004170025240523815,0.07692729135618226,0.033092843657103965,0.20527158777350996,0.00818520975415518,0.13457899250651478,0.024277475455267344,0.013314375596686866,0.09627679816766735,0.07917064325089868,0.0030239144139209153,0.015493726314850461,0.00036297311392902674,0.002342372098181329,0.00013823613278041028,0.0009369365739305971,3.490476406587746e-05,0.0003124342221119204,0.0005395902704845888,0.0038612209102479524,0.0001098303681340488,0.0008395453618118114,4.742252451510693e-05,0.0003874675568333528,1.4944195320767733e-05,0.00015780098811019971
hw_alphaS_dn,1.0,0.002551367064239494,0.033002727687437235,0.09479412427922065,0.056705657328226605,0.015897665075687597,0.0035741152581366706,0.0007345818845829652,0.02906060701172254,0.022512349779359855,0.008071399957701408,0.0020662695658205076,0.0004476847613261805,0.012442509259618017,0.01156492559714339,0.005086900186200872,0.0015715130742788128,0.00041587118385400743,0.07732122898872817,0.03323093126563314,0.20629602123054006,0.00821037151806426,0.1360413001738011,0.023915445854175665,0.013230870526877613,0.09507082168472773,0.07796985662751169,0.002976289899615052,0.015262305607489366,0.0003559916665244701,0.0023060896782164824,0.00013568338054099327,0.0009213110654102761,3.415850095835589e-05,0.00030811361906753557,0.0005360943956404461,0.0038303504358734924,0.00010935741783150269,0.0008325657490159848,4.72489435594072e-05,0.0003854657251863627,1.4756483626956976e-05,0.00015710060682703222
hw_pdf4lhc_unc_0,1.0,0.002546238047637541,0.03288166985964813,0.09437427381637012,0.056417716641675955,0.01580172615856108,0.003558234960915912,0.0007343550148551632,0.029320651085350546,0.02271210018517964,0.008145682885558064,0.0020884077856893795,0.00045408438978114193,0.01255677176097527,0.011670528717140423,0.005131195701267016,0.0015859067485259034,0.00042142291978357934,0.07707311476936307,0.033089699046553844,0.2055381409705408,0.008194434712892945,0.13522370635086492,0.024137259077455005,0.013277924064806318,0.09581929635851903,0.07873407420517543,0.003008889115306652,0.015421213562693334,0.0003603251200270715,0.002330694785816682,0.0001373681624405207,0.0009313926576270187,3.460201135721888e-05,0.0003108454099787443,0.0005430335027775322,0.0038701473183569406,0.00011092181702448908,0.0008415099537095773,4.7884595551543964e-05,0.0003893518615796427,1.4949267253775493e-05,0.0001582546234129575
hw_pdf4lhc_unc_1,1.0,0.002532043091429195,0.03268735209749525,0.09477654286186553,0.05648281404671739,0.015735136468932293,0.0035202495890385003,0.0007180978303406173,0.02934188140493002,0.02268702587456036,0.008098951517895235,0.0020657667735397983,0.0004457894751591008,0.01256808334292524,0.01165509714872982,0.005106299762945124,0.0015695276480803394,0.00041372932514147293,0.0766393156372244,0.033248580037085,0.2060915535801902,0.008204727104300823,0.13536213733549007,0.024114624848740062,0.013283580681955242,0.09569085013529113,0.0785987698723066,0.0029967224923377928,0.015364451837127832,0.00035935782211368494,0.0023195879480273443,0.000136473849812938,0.000928481996328991,3.484227640363004e-05,0.0003093545530298305,0.0005361734917848242,0.003831344413607979,0.00010923731530693205,0.0008328630352131804,4.748458315059829e-05,0.0003843231720483529,1.4756262600127984e-05,0.00015601745879710845
hw_pdf4lhc_unc_2,1.0,0.0025479600297994144,0.03288677942565584,0.0945579404581254,0.056462309261474226,0.015776106304241394,0.0035374166339726875,0.0007236946520998604,0.029300270744224637,0.02267780844768994,0.008117206401324923,0.0020729494493316723,0.00044754729491664684,0.012542749466640381,0.011647412399839836,0.005114642021678296,0.0015771296844288773,0.00041578969945199867,0.0770798744828429,0.03315943601744082,0.20579621601909304,0.008198199996696872,0.13531974909881864,0.02409943042029836,0.013274983295040208,0.09569390903886353,0.07857648825711562,0.0030002833773388514,0.015373192629340261,0.0003592738485094897,0.0023230312631994455,0.00013679128912002456,0.0009282374809052786,3.446339935460799e-05,0.0003104144075844962,0.0005380672303899586,0.003842934849564822,0.00010953295952104478,0.0008355431514910212,4.717583676761046e-05,0.0003860191419265653,1.4657652800175675e-05,0.00015638248108032366
hw_pdf4lhc_unc_3,1.0,0.0025403795459648906,0.032792045386461875,0.09486798108628282,0.05665829618850525,0.015827368628728185,0.003545456163999331,0.0007224971859816868,0.029194704174464372,0.022589360986556402,0.008084181693185699,0.0020637838587841562,0.00044522459609482463,0.012453600551793838,0.01155584929452889,0.005069656850722231,0.001560754662938015,0.0004115330728505859,0.07691686812928848,0.0332709709460557,0.2064039610806008,0.008215257648741365,0.13578620806686026,0.02399851998786673,0.013273597158891676,0.09555239516836042,0.07809976404317477,0.0029741615689145478,0.015219373569891524,0.0003552604845074155,0.0022961230572725163,0.00013544833434887506,0.0009173756795616408,3.4104881225810955e-05,0.00030652814696213384,0.0005341893457987593,0.003798558599668272,0.00010829027062664774,0.0008231988155214578,4.683323050094245e-05,0.0003810219673710563,1.4535044813524562e-05,0.00015478084533163215
hw_pdf4lhc_unc_4,1.0,0.0025498532335985905,0.032938656967142356,0.09451627714832037,0.056389467706728647,0.015729856821656455,0.0035220209253569116,0.0007194980820005381,0.029386918318538218,0.022711667416385663,0.008110571613491416,0.0020664358942916483,0.00044500308342390637,0.012573424299824963,0.011658187031614585,0.00510708677745467,0.0015691548344641934,0.0004128411910130736,0.07721235521750767,0.03314611195496207,0.20565603009811134,0.008195956887950221,0.13513305016069097,0.024149497734398107,0.013284410072500145,0.09578055894597333,0.0787096962253859,0.0029979867159642256,0.01535627845836365,0.00035744082058962576,0.0023140548368069413,0.0001361392189761861,0.000923625300359678,3.421141034349462e-05,0.0003083953100662612,0.0005353692763309894,0.0038255748375493957,0.00010888534494673632,0.0008280486033040433,4.6882835390914955e-05,0.0003824065354974489,1.459137231749153e-05,0.00015552048040699286
hw_pdf4lhc_unc_5,1.0,0.00254496356334069,0.032893101411595904,0.0945641217376203,0.056509887914303635,0.015810731238152437,0.003555556962601275,0.0007308536858233158,0.02925281540136983,0.022654797390568943,0.008120633768752812,0.0020798066830894656,0.0004507676642110504,0.012510977013644613,0.011621097591385328,0.005106774745743293,0.0015769340678096918,0.0004172616217492113,0.07711009684242011,0.03315871704646857,0.2058602225651391,0.008200959984429152,0.135444380781586,0.024069357466650683,0.013271971172919365,0.09568307564153308,0.07844534993614344,0.002995313940477954,0.01534278190581996,0.00035835545439899584,0.0023193938636237193,0.0001368930564439427,0.0009263152682360177,3.42842981645531e-05,0.0003099593342958773,0.0005395030288155008,0.0038433797431949215,0.00010994999665072237,0.0008341066623582604,4.729625704070188e-05,0.000385760504608567,1.4749493886267057e-05,0.00015674329293275126
hw_pdf4lhc_unc_6,1.0,0.0025452906619593,0.03288658969215632,0.09456742145007027,0.056467890301255964,0.015777145409405377,0.003538318619952453,0.000722768842569615,0.02929391553787018,0.022671095564026272,0.008116542462072883,0.002075606031670153,0.0004475693417634718,0.012538654455484854,0.011644462974582813,0.0051141559325411645,0.0015757206935528877,0.0004162878010776799,0.07708888212185128,0.033162752910393466,0.20580717906028628,0.008198609685839726,0.13534233058590212,0.02409441804537163,0.013274620303705296,0.09568418148097925,0.0785563753966681,0.0029979918183793857,0.015368831541639668,0.0003593032968319852,0.0023234482679486434,0.00013681873182802706,0.000929070681698341,3.470936383142972e-05,0.00030986673037709225,0.0005377490783143225,0.0038439165651256747,0.0001094440896368809,0.0008351359674944641,4.7275709360191135e-05,0.00038580850473825327,1.486365170846209e-05,0.00015698063807836318
hw_pdf4lhc_unc_7,1.0,0.0025553242765067076,0.032959558063165764,0.09454218439146843,0.0564525693162534,0.015770785494408926,0.0035354392504775844,0.0007223771755080551,0.029286188809758966,0.022666937166727998,0.008113130749981753,0.0020722218422271096,0.00044722206935510786,0.012536637340694119,0.011641389035560112,0.005112138405278293,0.0015753100639185977,0.0004160094909388715,0.07726248713699835,0.033155999459443246,0.20575477307221124,0.008196482256405744,0.135294991096601,0.024088202509285284,0.013269986747267024,0.09565417503021205,0.07853626944289742,0.0029979313442619225,0.01536510517374685,0.00035900862583030795,0.002321534385858,0.00013683232632856043,0.0009277069038823031,3.4429208300977214e-05,0.000309931370277853,0.0005370441829665812,0.003842464438083991,0.00010945779841699702,0.0008346360579681195,4.7270525894707874e-05,0.0003857991660898665,1.4843185123273861e-05,0.00015721561341844735
hw_pdf4lhc_unc_8,1.0,0.002550670799619139,0.03292267061796943,0.09462404094050479,0.05651482652118832,0.015790493120377745,0.0035405461494171456,0.0007231640446383101,0.029252440274844846,0.02264257680652144,0.008106907862062581,0.002071161911476567,0.0004469889841465437,0.012509469552725236,0.011615956155417042,0.005100797575356633,0.0015718256930281217,0.0004149927147197435,0.07718376776429339,0.0331826923120236,0.20593072452374883,0.008201918173957998,0.13544160475654285,0.024059044882486096,0.013269736565984803,0.09562109947916514,0.07840516748864963,0.002991187236208176,0.015324848593650516,0.0003579284501888491,0.0023144093403745705,0.00013638199686341558,0.000924785897967701,3.433087096153e-05,0.000308753778925808,0.0005366341882181099,0.0038315108342499757,0.00010920207768191052,0.0008318498009245678,4.710852723709096e-05,0.00038450165394640103,1.473591799673947e-05,0.0001565451637386334
hw_pdf4lhc_unc_9,1.0,0.002550513270061735,0.03292680006238376,0.09451144471031256,0.05644307191876756,0.01577475391312283,0.0035394222692366373,0.0007242003573509566,0.029298552007364146,0.02268001584745685,0.008121142076397546,0.002075809376829524,0.0004484625527043343,0.012545592503313375,0.011652184612164955,0.0051188759420808475,0.0015782478692755225,0.0004172141709014413,0.07716883314550448,0.033142668237614414,0.2057118784753902,0.008196514925621672,0.13527966976360722,0.024102827362197474,0.0132724866244742,0.09569418121088265,0.07859825349997113,0.0030016375171366115,0.015385504045784782,0.00035971053769055084,0.0023257470812523056,0.00013709219680956524,0.0009294522462702761,3.453179360871284e-05,0.00031062986662543264,0.0005382857754205952,0.0038507552413773235,0.0001097672918655301,0.0008368037378704273,4.736661503438266e-05,0.0003866368011105122,1.4902021231867204e-05,0.00015756052592303304
hw_pdf4lhc_unc_10,1.0,0.0025408710800618687,0.03279200473226755,0.0946687695842583,0.05646584089362865,0.01576339039292672,0.003535355052841978,0.000723449593325125,0.02931473136679602,0.022674563800569716,0.00811208310237123,0.002072379648808324,0.0004477276441026368,0.012544226871320861,0.011642175889746764,0.005110126605465158,0.0015743169471001284,0.0004159819275963054,0.076870337442028,0.03320872852003868,0.2059395156872182,0.008200453981152891,0.1353729700748721,0.024100734586025463,0.013278196999612062,0.09570462807278132,0.07855606627358991,0.002997152946729517,0.015358874893121315,0.00035877594208691833,0.00232074556789938,0.00013685124397681388,0.0009279194875439425,3.452730689410763e-05,0.00031006500162099803,0.0005374809405905615,0.0038399724426148286,0.00010947404298684216,0.0008339064182569587,4.7289220785130013e-05,0.0003854033552683063,1.4793992313514945e-05,0.00015714042680486435
hw_pdf4lhc_unc_11,1.0,0.002557373257863458,0.03301336359063613,0.0945111632010266,0.05645360668717932,0.015775516037320105,0.0035374963152432783,0.0007214987371568452,0.029269264918460658,0.022660115619114744,0.008113881005702725,0.002071848954347648,0.0004466984443007658,0.012531717780526558,0.01163864299699734,0.005112259997374576,0.0015754724645887657,0.00041567865638592657,0.07738926242025009,0.033142038817779815,0.20571344226692778,0.008195857986204176,0.1352947759277298,0.024078213850003187,0.01326757027192656,0.09562853880395372,0.07850570003004338,0.002997411098957615,0.015362391796514562,0.0003589653504887379,0.002322224681191794,0.00013693162597972232,0.0009288159287791757,3.4487855564250865e-05,0.00031061247455485064,0.0005367615848476382,0.0038410289882124774,0.00010933475152169795,0.0008344362562740217,4.726470726206535e-05,0.00038600596625480173,1.4809961760439462e-05,0.0001575179327922014
hw_pdf4lhc_unc_12,1.0,0.002546478627462887,0.03289633825128523,0.09453380324098332,0.056449616034994037,0.015769140483160755,0.003535902393451178,0.0007224195857410534,0.02930313087164858,0.022681436890821492,0.00811947868898895,0.002074589780066347,0.00044777241160793023,0.012548335288199925,0.011654348021675956,0.005118591641917277,0.001577432276630768,0.0004166484971360282,0.07712009062227503,0.03315197261240829,0.2057438423714288,0.00819685829242845,0.13528545491615865,0.024106129427252886,0.01327382768399217,0.09569412448357995,0.07860627766742909,0.003001815880964093,0.015387547612661324,0.0003596581860166404,0.002325839711375676,0.0001370701537005474,0.0009298652782037881,3.456226640276371e-05,0.0003105028898659438,0.0005380103574009298,0.0038484303704589594,0.00010968732760971965,0.0008363396962483801,4.738596848518653e-05,0.0003866327231339905,1.4849478401769413e-05,0.00015776103634527355
hw_pdf4lhc_unc_13,1.0,0.0025489689343340936,0.032894871584359275,0.0943941731468611,0.05637816755255803,0.0157615304593735,0.003538290275988646,0.0007242493612828574,0.029364487329625176,0.022726263463512912,0.008135670865900883,0.0020792066190185522,0.0004492828568891259,0.012585364561716222,0.011687125113150227,0.005132207702169569,0.0015815904535748453,0.00041791335764269417,0.0771252215436535,0.033099122230087645,0.20549083263305426,0.008192071625866205,0.1351207018427202,0.02415856055130937,0.013283076981807562,0.09581258943376712,0.07880541552682417,0.0030109783794452197,0.0154334627792321,0.0003608498442961808,0.002333573024202278,0.00013757062895142932,0.0009328873188351742,3.469027581686453e-05,0.00031177156612080683,0.0005399097892784849,0.003859365605484813,0.00011004463815619989,0.0008390814586250769,4.759239268869035e-05,0.00038816320740072004,1.4907102625452034e-05,0.00015819598179277327
hw_pdf4lhc_unc_14,1.0,0.00254609537354722,0.03287436683935943,0.0946409924566606,0.056475266950220586,0.015759851182457627,0.0035288366069937452,0.0007177096540961791,0.029300638436941105,0.022666313433170413,0.008107208466360295,0.0020675359723368427,0.00044482307132811226,0.012540957964118428,0.011639031567509252,0.005108743618371393,0.0015718542910535573,0.00041406532112291263,0.07706478377184454,0.03319120687004314,0.20589159794396528,0.008200023539324912,0.13535410100340498,0.02408986880505059,0.013274567759079868,0.09565664824058537,0.07853001367903906,0.002995321899844293,0.015352908588911331,0.0003587066282189413,0.0023184160640959497,0.00013657292859157002,0.000926763978759449,3.4438507603099776e-05,0.0003094932547544528,0.0005351667900344766,0.0038319491388951786,0.00010882423387369916,0.0008317497776116999,4.708710361462533e-05,0.0003841057766586257,1.4704610966437351e-05,0.0001566878995807755
hw_pdf4lhc_unc_15,1.0,0.002548597041258458,0.03288491555212656,0.09461304538282471,0.05650060748519849,0.01578320213115777,0.003537871415733626,0.0007232222064500707,0.029272848306239115,0.02265381430351346,0.00811140419257332,0.0020723249831847896,0.00044754238453318903,0.012522375287201938,0.011627523349254973,0.005105186519968227,0.0015730149906413,0.0004155736784126379,0.07713255990337933,0.033180387591467284,0.20589308531916456,0.008199835425769948,0.1353982234855769,0.02407426366223977,0.013272810863996662,0.09565123808287673,0.07846221333770621,0.002994344330049508,0.015343389849552434,0.0003586230025112949,0.0023177834061921653,0.00013670466670155044,0.0009266364927321015,3.4498815571224644e-05,0.0003094265991395485,0.0005378486349774877,0.003836180336529803,0.00010934161748103387,0.0008334232895141024,4.728809388601484e-05,0.0003855169546848471,1.4824473861574387e-05,0.00015648255416535642
hw_pdf4lhc_unc_16,1.0,0.002543934720076996,0.03285996548838641,0.09440251852108758,0.05640407243544754,0.015767836656096667,0.0035388155752619278,0.0007243799329602011,0.02933240437946671,0.022721098175943123,0.008142349138015313,0.0020823555054616124,0.0004500482981514947,0.012581690974679947,0.011695358832342437,0.005142359890425088,0.0015862718093989153,0.00041948906151285166,0.07703117242366529,0.03310192266819884,0.20553005029661214,0.008192354738903193,0.13516302786584333,0.02414871543041235,0.01327594175848286,0.0957671137360943,0.07881533728013813,0.003015362140620433,0.015463944401660714,0.00036178652440512946,0.0023391858020788883,0.0001378404011447631,0.0009350329540443398,3.477457846247316e-05,0.00031217443193944463,0.0005409829945499184,0.0038732043442856116,0.00011047980680399084,0.0008431986935845237,4.77377457860337e-05,0.0003897306367709702,1.5017441600635147e-05,0.0001589615091968655
hw_pdf4lhc_unc_17,1.0,0.002542280164562575,0.032805188304493665,0.09458770627504197,0.05646863902214153,0.015766869948962602,0.0035321916851896104,0.0007208889551155491,0.02932224868894961,0.0226891532584251,0.008118574328212199,0.00207211496727688,0.00044630358243917924,0.012554816495574245,0.011658715038615841,0.005116967722286157,0.0015760582391802108,0.0004158513802199005,0.07690537199312232,0.033171340622228256,0.20583732086746334,0.008200598402783782,0.13532510241596105,0.024114424102962124,0.01327964436541261,0.09572136432804267,0.07863275400873612,0.0030013051188785282,0.015388263152968663,0.0003596152385528851,0.0023252387497989875,0.00013689472840333432,0.0009292882997926011,3.444149859342565e-05,0.00030973072863579653,0.0005371822805904853,0.003844960313303546,0.00010936489371510377,0.0008360040372939956,4.715423760820436e-05,0.00038634308023861446,1.482556610562494e-05,0.0001568989121211248
hw_pdf4lhc_unc_18,1.0,0.0025544458190391835,0.03298359135467044,0.09458993289481575,0.05649235876383769,0.01578700280183097,0.0035411028330542237,0.0007236497584053213,0.029251410437853433,0.02264113473614498,0.008106473729484804,0.0020711926027855826,0.0004471523676445443,0.012511058196222771,0.01161625743463007,0.005101171502802717,0.0015717568600577925,0.0004152082696424571,0.07731560509170707,0.0331712272481318,0.20586424691461,0.00819927170720986,0.13539809287498203,0.024057849125723726,0.013267600081578547,0.09561016362665374,0.07840333084613502,0.0029904329658675347,0.015324779974351941,0.0003580262249263389,0.002314658744722063,0.00013651690037772688,0.0009257045275819622,3.443753115877028e-05,0.00030934065410906104,0.000536530158556014,0.0038332261914462234,0.0001092430680876347,0.0008319688371080245,4.7152298419112967e-05,0.0003842561477561739,1.478736931616684e-05,0.00015665052656068396
hw_pdf4lhc_unc_19,1.0,0.002544719361293749,0.032842962551881176,0.09462525052825016,0.05655777288374021,0.01582756007727637,0.0035550036382548077,0.0007266153148625588,0.029235237818027962,0.02264085530114397,0.008115159531701497,0.0020761182981003027,0.0004484283512798944,0.012497661533030365,0.011609275876622013,0.005101441590436085,0.0015734117266932184,0.0004159860493960043,0.07699351063554058,0.033179703360403885,0.20599780221962743,0.008205696616597976,0.1355627566699636,0.024053548700750757,0.013274761320557516,0.09566360955480573,0.0783796608847007,0.002989663957854813,0.015315281095124209,0.0003576450981385087,0.0023125955423276418,0.0001363462720344813,0.0009241966202297003,3.43610591603864e-05,0.0003088211693858859,0.0005373534675858422,0.0038345230809907417,0.00010924711274050524,0.0008321565389223072,4.714150494342086e-05,0.00038450570488007135,1.4782894698110246e-05,0.00015686848604487945
hw_pdf4lhc_unc_20,1.0,0.0025476394562734452,0.03289474432153795,0.09454839261767412,0.0564555054491715,0.01577515188028687,0.0035378284251549423,0.0007233212237274537,0.02929918625889296,0.02267550551466087,0.008117314466840369,0.0020747838121253554,0.0004482468142268001,0.012544907933669632,0.011648960370540667,0.0051158828081627515,0.001576268549021961,0.00041656277284413535,0.07711685385916447,0.03315643128776536,0.20576911684630297,0.008197331564346558,0.13531029821647192,0.02410007141141233,0.013275073906554686,0.09568984027238922,0.07857681169634215,0.002999827512709573,0.015375604172404465,0.00035997808515553237,0.002324519634443528,0.0001369732760836729,0.0009297415111628205,3.4860010298146316e-05,0.0003103410796001774,0.0005384619586437481,0.0038457438791996436,0.0001096560991798793,0.0008361941006987268,4.75682921409564e-05,0.00038622241951649953,1.4859252516868526e-05,0.00015741698068430938
hw_pdf4lhc_unc_21,1.0,0.002552351519123398,0.032954375686271575,0.09446359137359452,0.05641929427753949,0.01576806293827411,0.0035393260951496067,0.0007244136109985464,0.029300342035340207,0.022684215484454692,0.008126479521076892,0.002078824048467067,0.00044966212996546014,0.012550406510856019,0.011661937441456584,0.005124996184154528,0.0015806352414649014,0.0004185897425655121,0.07725302903105404,0.03312615385862641,0.20561692837057924,0.008193536333691845,0.1352202909954391,0.024109609471417135,0.013270715697606818,0.09569683599585739,0.07863733374164424,0.0030047361436421134,0.01540511945195304,0.0003607338156307299,0.002330626573100181,0.0001373864910453173,0.0009332366716550112,3.4735089789099684e-05,0.0003121094137525358,0.0005397488349340075,0.0038585630895630364,0.00011010291716349921,0.0008405767493599468,4.7622919845410716e-05,0.0003888823761787749,1.506382251631088e-05,0.00015881830320164467
hw_pdf4lhc_unc_22,1.0,0.002548828554424202,0.03290698522928072,0.09453225091144651,0.05645727884588208,0.01577786057746142,0.0035389992856602734,0.0007235668357149784,0.029296061559442664,0.022676896844109822,0.008119775035124272,0.002074884719994772,0.00044798796576004177,0.012541488100661982,0.011648063112787172,0.005116248802236313,0.0015772347477534688,0.0004166342738220073,0.07713831060381698,0.03314991933044109,0.2057518678524296,0.008197641966485526,0.13530822767434017,0.024098939242085234,0.013273863576691015,0.09569308514130782,0.07857865299639805,0.0030005429379931525,0.015377229022674748,0.0003593817877418489,0.0023240542165847778,0.00013698862142037704,0.000928871258475352,3.451051036165789e-05,0.00031028770931526464,0.0005382980335430949,0.0038462548689266788,0.00010965804522686244,0.0008361354384332551,4.7328381026127016e-05,0.00038654661349244997,1.4841956417471229e-05,0.00015751681280862703
hw_pdf4lhc_unc_23,1.0,0.0025382502955370308,0.03278676608455423,0.09456555163125055,0.05647868793196103,0.015787522233810105,0.003543690863247445,0.000726294812755339,0.02931320278837104,0.022689976948824377,0.008125205916077582,0.002076991680885146,0.00044878570138834177,0.012547658979886696,0.011653545417264415,0.005117720002507236,0.0015777732441460844,0.00041685417788531605,0.07685838535596291,0.03316219340863612,0.2058324661103398,0.008200957458143872,0.1353638011708293,0.024114304955272198,0.013280610535572055,0.09575198519267993,0.07862325864764211,0.0030018640397394057,0.015383751550220972,0.00035957615623839745,0.002324124014401411,0.0001368360499466552,0.000928436678177343,3.441929474150389e-05,0.00030958167863802486,0.0005391468330588067,0.003848064456600574,0.0001097973812445161,0.0008364536060162046,4.729125351129982e-05,0.00038629961611090757,1.4816399531204541e-05,0.00015709944639247795
hw_pdf4lhc_unc_24,1.0,0.002555744055220017,0.032953806533064636,0.09454550875073128,0.05645499845327821,0.015770191077689136,0.0035359011043660997,0.0007224845694013513,0.029283323493886477,0.02266505658974477,0.008114481338996261,0.002072928377941847,0.00044765673640356876,0.012535114863000275,0.011641123625752458,0.005112532812979961,0.0015755769732318813,0.00041640751587503294,0.07725973043235378,0.033156737960793374,0.20575809608468773,0.008196663078386185,0.13529940788751726,0.024086661317420887,0.013269549836089106,0.09565091141401959,0.07853108342495153,0.0029981347888209317,0.015366727939761017,0.00035911689804452403,0.0023225646713169903,0.00013698119622014676,0.0009284820263246394,3.448566970202202e-05,0.00031024631591510904,0.000537442985081455,0.0038438535490304157,0.00010952032655049004,0.00083531941859417,4.733311656391296e-05,0.0003863146072608822,1.497216417125475e-05,0.00015682601885931772
hw_pdf4lhc_unc_25,1.0,0.002554875155123721,0.033005445543662394,0.09441188552487458,0.056399341235207734,0.01576560360704077,0.003537148809653373,0.0007236880882467564,0.029312145643916297,0.022692338712819747,0.008126942145842975,0.002077320623037945,0.00044879650112384045,0.012558127243324358,0.011666143613428081,0.005125209053436409,0.0015802021111987752,0.0004178087863101948,0.07736988883838888,0.03310619467747769,0.2055324219258618,0.008191879048346876,0.13515937092854052,0.02411890279696576,0.013271147022947351,0.09570839540668259,0.07867146486096312,0.0030050054625158605,0.015407448702791489,0.00036013714068999867,0.002328973101431106,0.00013724511008670885,0.0009311884771961423,3.4655524851452826e-05,0.0003109768612806548,0.0005390603607583164,0.0038561305859583722,0.00010997051493839778,0.0008386142182325873,4.750276144264573e-05,0.0003875654222753209,1.4916768439976489e-05,0.00015792108268840205
hw_pdf4lhc_unc_26,1.0,0.0025527611796600748,0.03296340339175686,0.09455748861087429,0.05643975710740317,0.015751033350394333,0.003525015387325632,0.0007175507294249145,0.02930221554079386,0.02267217852821064,0.008109555529890131,0.0020683935022720334,0.00044521781978316147,0.01254767359801411,0.011649456492981696,0.0051135372029783915,0.0015738159332680502,0.00041482982671064354,0.07727333169128969,0.033161028384711376,0.20574599420793352,0.008196087751627102,0.13525155532401364,0.024095779451600605,0.013270383877761704,0.09563868491842041,0.07856884893042283,0.002999564045305477,0.015375177736940365,0.0003592590301569147,0.0023237732834349907,0.00013699304336122666,0.0009290460268780416,3.4512233580633396e-05,0.0003105176009304814,0.0005361227917566066,0.003839805314949712,0.00010922668336302497,0.0008347018635419786,4.72416214218603e-05,0.00038612714969910137,1.4823801532415827e-05,0.00015752950362432101
hw_pdf4lhc_unc_27,1.0,0.0025440940427727677,0.03284316431751922,0.09446099840989387,0.056415347258665094,0.015766037532977666,0.0035377100312652668,0.0007233682879091559,0.029343389644646115,0.02271516271546327,0.008134178245891723,0.0020787127363703665,0.0004488038754713335,0.012576069303733318,0.011681135484539416,0.005132003434226885,0.0015821166301910718,0.0004176088785601497,0.07699237149966288,0.033123449182111755,0.20561451144559945,0.008195391390724853,0.13520301327034404,0.024143733505067152,0.013279532382347154,0.09577730245329644,0.0787675543626303,0.003010219590273901,0.015431736233322182,0.00036053852374150664,0.002331764518364437,0.0001373103413516497,0.0009310398029958327,3.4521640499497044e-05,0.00031040723069797733,0.0005393286684553122,0.0038601943874894233,0.00010998206589129863,0.0008388746835141491,4.74406205573024e-05,0.00038746719875940624,1.4862357536111016e-05,0.00015755181466932375
hw_pdf4lhc_unc_28,1.0,0.002549166386700514,0.03291314411793375,0.09453745770409265,0.05643201141706525,0.015765458881822948,0.003536262288234739,0.0007233172229413388,0.029306969593430366,0.022680528239452876,0.008119272801784611,0.002074594310972207,0.0004480141169345345,0.012548992761989945,0.011653636560751359,0.005118072601816425,0.0015773630093550656,0.00041685084167295466,0.07715044473230036,0.03315591361538697,0.20573115887555807,0.008195510018128273,0.135266574676699,0.024105429260761296,0.013272788505920128,0.09569391978488982,0.07860335088387968,0.003001317037514717,0.015384945234238568,0.0003595770264798212,0.00232564588265575,0.00013708856871574865,0.0009300269950238921,3.458773735511949e-05,0.00031064443243631945,0.0005382355634270603,0.003848569220805141,0.00010970795131260441,0.0008367640514714314,4.736787004132803e-05,0.00038670450646992695,1.4869490229657439e-05,0.0001577452213477856
hw_pdf4lhc_unc_29,1.0,0.0025489316386968245,0.03289460771712298,0.09457095899325052,0.0564690423305998,0.015773143714884898,0.0035377980397030867,0.0007227607656363043,0.02929134719872675,0.022670158415850475,0.00811631984274859,0.0020743065899947472,0.0004477823585642553,0.012536609435830197,0.011641592328007998,0.005112663619877154,0.0015759793511534348,0.00041631859437370856,0.07711976401079444,0.033163436124798856,0.20580233644985396,0.008198979267217608,0.1353336982681396,0.024092486521215928,0.013273874963909821,0.09568394979947746,0.07854838390484466,0.0029987455649819845,0.015364888047569072,0.0003588490538605732,0.002321697007290361,0.0001368694331019044,0.0009271033955248271,3.4394802775225834e-05,0.00031012379106536066,0.000537750337377974,0.0038426892374376427,0.00010943936752445319,0.0008343522162111279,4.733168816150209e-05,0.0003861528586080208,1.4856909337494765e-05,0.00015752604389848818
hw_qcd_0,1.0,0.0026522916229780773,0.03368075687741286,0.09407533700736978,0.05580449710675078,0.009667223096185368,0.003440311207517466,0.0006815095083660637,0.029901091985233042,0.022979093793029336,0.00814903999366545,0.002051292891486241,0.00043453690444561857,0.01349772063700512,0.012449907067486365,0.005389290109290277,0.0016426905737136524,0.00042664008295355087,0.07888738885980814,0.03309650519408666,0.2033257375147691,0.008064659092970558,0.13349006612128347,0.024706068848615616,0.013062666249456163,0.09463782784865464,0.0817148730428543,0.003384491092657589,0.01731255092014258,0.00044288260658924885,0.002794743152521129,0.0001790979824200104,0.0011553358028988552,4.63039772832012e-05,0.0004047532487065899,0.0005555667657823012,0.004075083831423301,0.00011557298175046415,0.0009258537834658283,5.217860294752783e-05,0.00043982509972493954,1.8852851600567356e-05,0.0001878840626981825
hw_qcd_1,1.0,0.0026796756478084565,0.03404430123822731,0.09425971474600348,0.055784598612435225,0.007301418453820113,0.0034200554816756924,0.0006808378572602767,0.029995687633154005,0.023015197471694126,0.008160144793276224,0.0020540338984290094,0.0004381307353304647,0.013473155894262833,0.012397940500362125,0.005357157000162951,0.0016323299802645883,0.00042469041156101495,0.07949764027585715,0.03328908753205654,0.20430330821215845,0.008069962235591022,0.13374487572116006,0.024834736866759664,0.0130350131097549,0.09455786828370492,0.08200067222736215,0.0033540933572861276,0.017107089270805377,0.000422968993686044,0.0026957668800667582,0.00016850627149938397,0.0010971017168866382,4.219332884702371e-05,0.00037293139413173876,0.0005547071944800309,0.004043704925393796,0.00011455110364106041,0.0009046199779466693,5.1044472033508304e-05,0.00042446445893804636,1.7256594076908786e-05,0.00017676524014809684
hw_qcd_2,1.0,0.0027023393854551663,0.03464801558492321,0.09195431961594508,0.055400790600511424,0.0063418219778226675,0.0034894939663311603,0.0007067736803605698,0.03057162379896355,0.02347563297791358,0.008338982638389735,0.0021027630672292006,0.00045050999010119665,0.013664471088457204,0.012564849995491505,0.005428291642461419,0.0016529745809901113,0.00043009451498562544,0.08087511964809913,0.0326181910975825,0.20200802981579294,0.008031809303270092,0.1326566226286944,0.025368838103936944,0.013166730650473975,0.0961014342566275,0.08368994621845902,0.0033778481464368138,0.017186323069730253,0.00041384983808402117,0.0026496164632669184,0.00016184092868883334,0.0010635744971489436,3.969429178291153e-05,0.00035308565031330434,0.0005638520462445888,0.00408175252207617,0.00011552374900239087,0.0008989466822858654,5.0760627420592804e-05,0.0004168202633706878,1.622207451913969e-05,0.00016981832035975713
hw_qcd_3,1.0,0.0025422432324936433,0.03301976679595307,0.09165749976498092,0.05562987603797969,0.016678580607090758,0.0036526281233935282,0.0007680069046142766,0.029990551662022805,0.023376485149245157,0.008441485905587728,0.002178668223080151,0.0004742620677709909,0.01299315657707664,0.012148048128873634,0.005376631610097735,0.0016689818470968871,0.00044410916973401177,0.07750457896104583,0.03196747776368664,0.20097851302653658,0.00813212284929886,0.13282229611773722,0.0247729769573436,0.01343043426325668,0.0978839427507952,0.08129372541716587,0.0031576134631408678,0.016231750035747842,0.000390032506216355,0.002505954998795693,0.00015091651756501696,0.0010142672013711167,3.904012060909565e-05,0.00034775819427565507,0.0005702043332769086,0.004082667249740576,0.0001173730199852002,0.0009005248740550282,5.133306681816588e-05,0.0004210969843047074,1.6974628217134882e-05,0.00017544289192254777
hw_qcd_4,1.0,0.002550258585879641,0.03287836147690112,0.0959005060691725,0.05690734651902527,0.015478281091879076,0.003477107691595598,0.0006997783373632555,0.028958622623770816,0.02231401632573943,0.007943308308739846,0.0020160526236978372,0.00043238018170890053,0.012276761872164059,0.011347701400316691,0.0049569647711312,0.0015187818656569002,0.00039862250127629587,0.07708017040723321,0.033800276779312716,0.2082852078621305,0.008229891427519625,0.13666821876257781,0.023752391626375262,0.013211139383423099,0.09461117377693759,0.07708113095481321,0.002896747189026799,0.014812029472181283,0.00033877121520578817,0.002197008950947009,0.00012701643237437155,0.0008687888895952318,3.142756582833881e-05,0.0002842586796311923,0.0005178937187825825,0.0036916935936044774,0.00010449696558829676,0.0007910264348076908,4.4568184067534656e-05,0.00036178335665336273,1.3351951255444643e-05,0.00014468417410909545
hw_qcd_5,1.0,0.0025049420150284624,0.032860232603836595,0.09106577201042028,0.05590572892758964,0.019227427976520255,0.0037905518544243504,0.0008194560264542944,0.029711034397535686,0.023322799505311624,0.008501280674316174,0.0022217414642305006,0.000490439560741063,0.01264514044524944,0.011902998216510016,0.00532794805613641,0.0016701454134626205,0.00044988117335286354,0.07718418331978562,0.031659546374503064,0.20089020135307648,0.008188819458852862,0.13371534784718697,0.024571997904443848,0.013528179495555402,0.09840471853434733,0.08034793964155158,0.0030308267434562193,0.01562139869047998,0.00036450712013528694,0.0023591745624738057,0.0001377540771615491,0.0009440484278377066,3.5595913083729733e-05,0.00031978362031474534,0.0005738946738709853,0.004059621985951993,0.00011752959861004629,0.0008828045347694185,5.0805629210248905e-05,0.00040953294195097403,1.6015472241094335e-05,0.00016825175802871707
hw_qcd_6,1.0,0.0025068743323146655,0.03260418766627461,0.0948529444770084,0.05701295999848342,0.01866628925111283,0.0036382925309010354,0.0007564507285669641,0.02878184538778489,0.02238343886214254,0.008060888585019388,0.0020774362615236185,0.00045225102059146926,0.012072220903277054,0.011264893593573997,0.004990049671510168,0.0015483388574119687,0.00041249307603419185,0.07652288258099976,0.03317213829066385,0.2069374954473639,0.00827375252601129,0.13690294920165613,0.023641497112145363,0.013328698635695323,0.09551444246539213,0.07666496532373794,0.002836767703529794,0.014575456168349894,0.0003315858279398536,0.0021577062366276135,0.00012354906993511597,0.0008541343436049709,3.120620099460195e-05,0.00028242888775705004,0.0005301544818984626,0.0037493552738208404,0.00010729999756610313,0.0008032920812727917,4.5790048100228845e-05,0.00036849502576177784,1.376386216022233e-05,0.00014833800348383928
hw_qcd_7,1.0,0.0025036200614378793,0.03240883819483037,0.097297380590768,0.05771349480151422,0.018446980622355846,0.0035336425898642855,0.0007154207684129304,0.02819501716876454,0.021781460174877348,0.007774226532243087,0.0019828380377814947,0.000426651097800077,0.011689034949203236,0.010836259989276708,0.0047626195514932565,0.0014653006759167645,0.00038658859673080306,0.07607654803707574,0.03420461965946054,0.21086896184937345,0.008325457438121034,0.13896881853097012,0.02304220397303,0.013209570525041736,0.09366280001966053,0.07425581932536389,0.0027007661740563963,0.01384488412573231,0.00030886591157111933,0.0020143089908309475,0.00011336334175655881,0.000790024592492965,2.815013282382385e-05,0.0002563312604634761,0.0005002780578077882,0.003534328341947072,0.0001001733093906564,0.0007467851725454593,4.222879892698018e-05,0.0003390514019383091,1.2187607234537564e-05,0.0001340990191137231
