,ALL,UNKNOWN,QQ2HQQ_FWDH,QQ2HQQ_0J,QQ2HQQ_1J,QQ2HQQ_GE2J_MJJ_0_60_PTHJJ_0_25,QQ2HQQ_GE2J_MJJ_60_120_PTHJJ_0_25,QQ2HQQ_GE2J_MJJ_120_350_PTHJJ_0_25,QQ2HQQ_GE2J_MJJ_0_60_PTHJJ_GT25,QQ2HQQ_GE2J_MJJ_60_120_PTHJJ_GT25,QQ2HQQ_GE2J_MJJ_120_350_PTHJJ_GT25,QQ2HQQ_GE2J_MJJ_350_700_PTH_0_200_PTHJJ_0_25,QQ2HQQ_GE2J_MJJ_350_700_PTH_0_200_PTHJJ_GT25,QQ2HQQ_GE2J_MJJ_700_1000_PTH_0_200_PTHJJ_0_25,QQ2HQQ_GE2J_MJJ_700_1000_PTH_0_200_PTHJJ_GT25,QQ2HQQ_GE2J_MJJ_1000_1500_PTH_0_200_PTHJJ_0_25,QQ2HQQ_GE2J_MJJ_1000_1500_PTH_0_200_PTHJJ_GT25,QQ2HQQ_GE2J_MJJ_GT1500_PTH_0_200_PTHJJ_0_25,QQ2HQQ_GE2J_MJJ_GT1500_PTH_0_200_PTHJJ_GT25,QQ2HQQ_GE2J_MJJ_350_700_PTH_GT200_PTHJJ_0_25,QQ2HQQ_GE2J_MJJ_350_700_PTH_GT200_PTHJJ_GT25,QQ2HQQ_GE2J_MJJ_700_1000_PTH_GT200_PTHJJ_0_25,QQ2HQQ_GE2J_MJJ_700_1000_PTH_GT200_PTHJJ_GT25,QQ2HQQ_GE2J_MJJ_1000_1500_PTH_GT200_PTHJJ_0_25,QQ2HQQ_GE2J_MJJ_1000_1500_PTH_GT200_PTHJJ_GT25,QQ2HQQ_GE2J_MJJ_GT1500_PTH_GT200_PTHJJ_0_25,QQ2HQQ_GE2J_MJJ_GT1500_PTH_GT200_PTHJJ_GT25,QQ2HLNU_FWDH,QQ2HLNU_PTV_0_75_0J,QQ2HLNU_PTV_75_150_0J,QQ2HLNU_PTV_150_250_0J,QQ2HLNU_PTV_250_400_0J,QQ2HLNU_PTV_GT400_0J,QQ2HLNU_PTV_0_75_1J,QQ2HLNU_PTV_75_150_1J,QQ2HLNU_PTV_150_250_1J,QQ2HLNU_PTV_250_400_1J,QQ2HLNU_PTV_GT400_1J,QQ2HLNU_PTV_0_75_GE2J,QQ2HLNU_PTV_75_150_GE2J,QQ2HLNU_PTV_150_250_GE2J,QQ2HLNU_PTV_250_400_GE2J,QQ2HLNU_PTV_GT400_GE2J
hw_nominal,1.0,0.002494363967043069,0.08160755973395611,0.04037268567063258,0.2127261558629019,0.010486070320492848,0.11418797336160029,0.023013624669725632,0.013731967461832412,0.08043508569585169,0.07012150395846509,0.0028488458837991055,0.013751140248634547,0.00034010464598877114,0.0021347815082322563,0.00013102297648321453,0.0008951294112668446,3.349159384937925e-05,0.0002996415610579699,0.0006606609659865497,0.0036840834582206727,0.00012959091044496373,0.0008547360638367547,5.9510228444979206e-05,0.0003903983676961317,1.8190966346095852e-05,0.00014587486969477753,0.03932329919538376,0.10416709940951271,0.060101666747158375,0.016690664908674026,0.0038995396853748706,0.0008048925328065034,0.031458274791901594,0.023761684720383803,0.008332143686492873,0.0023037146072558516,0.0005156498481056844,0.013700302729128182,0.012063724450385671,0.005213087111502521,0.0016673890166930346,0.0004426721967560019
hw_alphaS_up,1.0,0.002491457265129123,0.08137522743077964,0.04030647692722889,0.2122765115898032,0.010461533560155072,0.11359299454848139,0.023181434066909156,0.013779392815536765,0.08094722176727899,0.07061594670933169,0.0028682266244776044,0.013834201583487039,0.00034230348481351623,0.002146355328782772,0.00013162960424800777,0.0008992767560160684,3.366261656395535e-05,0.0003006561265189893,0.0006630773768942773,0.0036959578861345023,0.0001298890235220263,0.0008571503080525357,5.9577398412640155e-05,0.0003910919615968491,1.821654729874228e-05,0.0001459898568961925,0.03921202548783409,0.10398176356575478,0.05988326249282108,0.016571338168975557,0.0038560277845012133,0.0007915785935830943,0.03171687917762424,0.023934796079448213,0.008377517555164476,0.002310211550470378,0.0005153739355760947,0.013802877845445045,0.012144205570649075,0.005240226864137297,0.0016733511638763392,0.0004431049997894113
hw_alphaS_dn,1.0,0.0024977860183331554,0.08182293063595593,0.04045288546647106,0.2132097748435935,0.010511044784889817,0.11477505613499293,0.022843669665251094,0.01368240256700749,0.07990146431068725,0.06962385931326356,0.0028296311642675297,0.013670300745193851,0.00033794920122419934,0.0021238842952051125,0.00013043273690719628,0.0008912211785961651,3.332965677003612e-05,0.00029865485780551,0.0006602359009042001,0.0036713545556554994,0.00012918845282086628,0.0008525295047769358,5.9402297858145664e-05,0.0003898302639783802,1.81608576149281e-05,0.00014580361180800005,0.03942813123505657,0.10438260389541186,0.06031930393905446,0.01680092767040598,0.003938242544219336,0.0008163920885001393,0.031199718572940013,0.0235859619032605,0.008282983071043472,0.0022950570123744223,0.0005150495461534966,0.013599634440561377,0.011984383648524728,0.005185828330030986,0.00166101710582128,0.0004419819748091575
hw_pdf4lhc_unc_0,1.0,0.0024976284104910955,0.08176329830513385,0.04029760105244747,0.21247777840011367,0.01047705166785236,0.11412352579693735,0.02303496768297064,0.013733923405894669,0.08049789547318548,0.07020664574681826,0.0028557581719843967,0.013779678674959571,0.00034130861477068533,0.0021393900901335015,0.000131440561940556,0.0008961190093635089,3.3609273861301546e-05,0.00029983482392634557,0.0006648501242449534,0.0037031874372869785,0.0001309372199125298,0.0008591270944386493,6.018431348858432e-05,0.0003921550375500946,1.836762143332807e-05,0.0001465530083035348,0.03939339397716973,0.10398331814719389,0.060048142040971794,0.016707816890892287,0.003917421584251924,0.0008150104778112431,0.031465379387672326,0.02378075392106323,0.008353333667176827,0.002316411178068817,0.0005222910518985557,0.013708094629048264,0.012079223566939416,0.00522394814098288,0.0016748115778512126,0.0004478327415642721
hw_pdf4lhc_unc_1,1.0,0.0024885020960675416,0.08146609446051195,0.040407469260887625,0.2127159152457182,0.010481630447464628,0.11401073873174099,0.023057901960963103,0.013739295375946207,0.08049246529673812,0.07028240996382566,0.0028537616943795975,0.013777256007242248,0.0003406462348713319,0.0021401471316067635,0.00013112311333881614,0.0008968690057094007,3.348091951271298e-05,0.00029985646538297194,0.0006607516726353402,0.003679274330191599,0.00012938279997637804,0.0008521793436560271,5.937579740891478e-05,0.0003896388937577282,1.8079536911746848e-05,0.00014538530969099338,0.03925398143194911,0.10421056351761376,0.06002426185446198,0.016629807854007493,0.0038750057749607327,0.0008002712131495341,0.031547719242765,0.023796646899810436,0.008324935134381732,0.0022963863714776816,0.0005129228574820773,0.013760504378754862,0.012095609758280636,0.005215842683975406,0.0016650794291205374,0.00044083050167243967
hw_pdf4lhc_unc_2,1.0,0.0024958154109943564,0.08158053381472019,0.04037833133518894,0.21274592748899168,0.010486557859042699,0.11418706149237602,0.023013911989329637,0.013733433090837802,0.08043719805138456,0.07012427694374605,0.002849398877570907,0.013750752874231392,0.0003409920966459267,0.002134408657856641,0.00013100523823628398,0.0008949757473454393,3.344678333122219e-05,0.0002992413391854841,0.0006599481169892153,0.003682257423609277,0.00012961376855238823,0.0008537662370262352,5.926597958633192e-05,0.00038972079054715376,1.8105681027187647e-05,0.00014555079323097847,0.039304869044152986,0.10417993199995418,0.060102576133885706,0.01668945781799197,0.0038993560884838614,0.0008044726877387757,0.031462437930340925,0.023762792025935394,0.00833141719171863,0.002303764161349154,0.0005152723933340037,0.013702161354249363,0.01206358519704441,0.005212567369448831,0.0016668481798095879,0.00044299254297830063
hw_pdf4lhc_unc_3,1.0,0.0024766782099202617,0.08109835411007209,0.04051307905545423,0.21336713420171072,0.010512537898341931,0.11456361380090155,0.02294356706270705,0.013736736639328373,0.08036974479158,0.0698147830578965,0.002828344258859331,0.013642142504817515,0.0003371435353703306,0.0021155081785644387,0.00013011245313972715,0.0008868915587860945,3.326449929021752e-05,0.00029684803162379554,0.0006590904314508608,0.003648224675493121,0.0001282160709767304,0.0008434832096230747,5.8836396544614355e-05,0.0003857467008587465,1.797187075740389e-05,0.0001437471676842726,0.03907717023214398,0.10452328434143976,0.060289323425667604,0.016735518957003984,0.003906569697197067,0.0008051471967819426,0.03140012046347347,0.023703799399431912,0.008304399070732027,0.0022942985050165296,0.0005125088305290306,0.01363609310992008,0.011992779922436858,0.005175633536543573,0.001653787604227704,0.00043776533570143405
hw_pdf4lhc_unc_4,1.0,0.0024936586697669634,0.0816530275118867,0.040378475763517066,0.21265176778626158,0.010480311616571638,0.11404255279131796,0.02305905810593403,0.01374160074270675,0.08049756806368535,0.0702340542014643,0.002848191253158958,0.013744864182219622,0.0003394133173237635,0.0021299326065691068,0.000130446752591819,0.0008928537172701767,3.326923082222471e-05,0.0002991188589561166,0.0006571647226527804,0.0036656693282160284,0.00012865097880437692,0.0008476520283064213,5.890428163030033e-05,0.0003870645073449029,1.7907462504432844e-05,0.0001447884172233493,0.039347052080664024,0.10415804911356427,0.06002640874693191,0.01664095691820748,0.0038804442333099016,0.0007998874222439485,0.031548714180076876,0.023791537287202458,0.008322707578266577,0.0022946307861132116,0.0005119987740358086,0.013738797517808552,0.012076999267141827,0.005205696763814025,0.0016593825362838047,0.00043876989562860333
hw_pdf4lhc_unc_5,1.0,0.002497857735637231,0.08183134307479567,0.040356705031660764,0.21272332741238764,0.010488648483381411,0.1142625937501564,0.022975194417387098,0.013725097548807201,0.08039282290380997,0.06998324352224182,0.002843287092065526,0.013717251327088098,0.0003394039435673825,0.0021291965285941705,0.00013094698994466365,0.0008924803047899337,3.337769426591121e-05,0.00029872618726103293,0.0006622037104889608,0.003680135405987719,0.0001297050583134512,0.0008521526154224621,5.942651578964229e-05,0.0003891359477281425,1.8105751832464602e-05,0.00014539099816028727,0.03943030725862238,0.10414177029406889,0.060124365334591555,0.016719571526039815,0.003914657851964951,0.000810988054242738,0.03140345015753176,0.02373089789200184,0.008329883788468866,0.002307759132856527,0.0005180914879575041,0.01366491209357555,0.012033938666752323,0.005202829262178222,0.001665739256920082,0.00044307799066198636
hw_pdf4lhc_unc_6,1.0,0.0024910573747723526,0.08151575977887947,0.040389081278695414,0.2128001431199175,0.010489563981897418,0.1142212395573952,0.02301017643930075,0.01373363574446149,0.0804332835259689,0.0701094345240903,0.0028475189079000323,0.013745836450782332,0.0003402983527158005,0.0021338661101901577,0.00013081971508208757,0.0008945383676160384,3.3499017323930063e-05,0.00029946677734257434,0.0006585371117331337,0.0036816209403993643,0.00012947455242416335,0.0008543174436773235,5.9372401755308126e-05,0.0003898611639377086,1.811165496281929e-05,0.0001456126911371053,0.0392751870069201,0.10420988153031184,0.06012417424534249,0.016692213570216313,0.0038991289485311577,0.000804580628148623,0.03145604130724608,0.02375861334039164,0.008329907186733342,0.002302162437537243,0.0005152550579397875,0.013696978630033408,0.012059972555793497,0.0052113357851890085,0.0016664455692391993,0.0004419952160676041
hw_pdf4lhc_unc_7,1.0,0.002500056650185028,0.08173453036645442,0.04037372262007399,0.212717236541881,0.010485360040149246,0.11417756729013093,0.02300144650930262,0.013727800834975186,0.08040479773737381,0.07008088309513992,0.002846717217263239,0.013740192567840958,0.00033978846364171854,0.002132504125862564,0.00013078402028174333,0.0008941708165283151,3.3358203724014534e-05,0.00029925010275892527,0.0006594159245264501,0.00368030375626412,0.00012936585186443204,0.0008536321626197276,5.9387714917135216e-05,0.0003898055684906804,1.810505802622286e-05,0.00014578269948609015,0.03938406465318797,0.10416859302881643,0.060100520315959506,0.016687800369705,0.003897176101367546,0.0008037520060020307,0.03144278720061972,0.023749683118473853,0.008327686275776748,0.0023019767935087984,0.0005148353120790891,0.013692058568716347,0.012056203526451696,0.005209468375009846,0.0016654204714856436,0.0004420079430773132
hw_pdf4lhc_unc_8,1.0,0.0024993058943790347,0.08172310390643368,0.04041492322106612,0.2128897188342848,0.010491687156334625,0.11428247570003719,0.0229667588356109,0.01372285478105027,0.08034479340847003,0.06994664721795275,0.0028394442640681393,0.013701905055765788,0.00033879164889033146,0.002125903621369896,0.00013047456513343058,0.0008911108186017971,3.3345961710736024e-05,0.0002982535969322563,0.0006586770272960123,0.003669042240431563,0.0001290258141834829,0.00085033654493177,5.9173922098168076e-05,0.00038828347893471546,1.8071826980461853e-05,0.00014501412355217669,0.039376355481415735,0.1042700134284564,0.06015281356599545,0.016699582395105786,0.003898768997501922,0.0008038700660460658,0.03140427584999744,0.02371903079235592,0.0083158056884812,0.0022984660877224373,0.0005141117841036107,0.013661937815429027,0.012027705810940974,0.005196190300477292,0.0016612707963115036,0.0004406776731591465
hw_pdf4lhc_unc_9,1.0,0.0024968354794830104,0.08165249543066365,0.04036060895920791,0.21268501580965038,0.010484734040664113,0.11417264607652625,0.023014831233853734,0.013731176088478804,0.08043649307260062,0.07013005234007202,0.0028497443633589306,0.013756608188021052,0.0003402552777564162,0.002135422549997658,0.00013101901405975207,0.0008953577754346028,3.345613134827174e-05,0.000299715943931,0.0006596456950254787,0.0036868325728004114,0.00012969775472387673,0.0008556182496097276,5.9535032109139625e-05,0.00039052995854994404,1.818790272214191e-05,0.00014599049493628708,0.03934727079174441,0.1041394367933598,0.060095114743574804,0.01669246031298557,0.003901527421648734,0.0008054171642547643,0.03145466448127095,0.023762009653315017,0.008334988945295548,0.0023052593349301544,0.0005161609197484221,0.013700173298052693,0.012066145917855927,0.005215205926185138,0.0016682626335841604,0.0004433962266087461
hw_pdf4lhc_unc_10,1.0,0.0024930331890171725,0.08150336413754362,0.040393681733752726,0.21278515048455177,0.010486760588480307,0.11417682606699636,0.023021120586515394,0.013737800084928907,0.080463152587991,0.07013234053698683,0.0028475886233963812,0.013743520809428894,0.0003397768162293899,0.002133222294134719,0.0001309430402148078,0.0008947813786936699,3.3415633541497134e-05,0.0002995762627681942,0.0006601552362400027,0.0036794319960625835,0.0001294016550512745,0.000852923371404335,5.9402851695309945e-05,0.00038967309143238667,1.8127650996397564e-05,0.00014558829219738764,0.03927418998838803,0.10421484092103145,0.0600914028190408,0.01668124644345616,0.003898098356940884,0.0008049298273454337,0.03148209836322949,0.02376691165209027,0.0083291902748886,0.0023025061160714872,0.0005152653161831582,0.013708176728834847,0.012063424315233207,0.005209588913247036,0.0016654821890901184,0.0004418887746776621
hw_pdf4lhc_unc_11,1.0,0.0025031645075512276,0.08187291742612969,0.04035244793112976,0.2126495150291588,0.010484807642176451,0.11416493454356841,0.022993743795471453,0.013724745196086944,0.08038690640001807,0.07006399530949557,0.0028464410799703857,0.013741965746605923,0.000339804152113889,0.00213308571004146,0.00013083632294873053,0.0008952237376661738,3.3382123941242475e-05,0.0002998691572239371,0.0006584978389805561,0.0036805144309281427,0.0001293630879214442,0.0008539375002541259,5.933375788996747e-05,0.0003901953820683317,1.8112067584056853e-05,0.00014594268197399608,0.03945359353238261,0.10412246556304254,0.06009920230714982,0.016694057061502912,0.003899084777349571,0.0008029679072774049,0.03142586094562368,0.02374459752103339,0.008328170519432751,0.0023021099103960156,0.0005144697512624386,0.013686742795963753,0.012054610895599897,0.005210667581829898,0.0016660162414403978,0.000441700129814206
hw_pdf4lhc_unc_12,1.0,0.0024934877047909083,0.08162245506666059,0.04036885437206397,0.2127036533043975,0.010485268597250914,0.11416811046481203,0.023017853876289778,0.013731258598797166,0.08043481774842035,0.07014103400921884,0.002850292884935557,0.013757783286043055,0.00034026583061029075,0.002136139163609871,0.0001310717260972237,0.0008956457568280676,3.350173901658535e-05,0.00029987309906173313,0.0006603796328386578,0.00368528270937984,0.00012951069261801548,0.0008551571389905746,5.9514148356310336e-05,0.0003907127877028287,1.8210927088401003e-05,0.00014601870412169905,0.03932884279394157,0.1041562772547665,0.06009508457853424,0.01668645955786937,0.0038971056006503395,0.0008038075812368643,0.03146161098823241,0.023765219096713176,0.008332687455477711,0.002303271178033244,0.0005153261166378193,0.013704484608709093,0.012068218870880741,0.005215114321196156,0.0016677040039715723,0.00044263202314845536
hw_pdf4lhc_unc_13,1.0,0.0024897301010980365,0.08139122774742284,0.04030102803182697,0.21244842507085976,0.010476373975684685,0.11403709484725028,0.023098892355738126,0.013750483289544346,0.08061012669325551,0.07042146213264298,0.002863377912005553,0.01382573224392648,0.0003420373449898144,0.002147645993667751,0.00013189343984243798,0.0009008842025991634,3.369716900793171e-05,0.00030164212770779786,0.0006645921516705664,0.003703726000428987,0.00013028093270181295,0.0008596570710563304,5.989890347195916e-05,0.0003929297007532203,1.8321508690926902e-05,0.0001468503049302835,0.03922240809026404,0.10398921778850564,0.060010733661805885,0.016677390329793707,0.003903141822003219,0.0008076782631177359,0.03156462342367629,0.023838930184860205,0.008359023466066262,0.0023121936302640134,0.0005180089724224802,0.013768371448430683,0.01212171896400133,0.005237835923099159,0.0016757170959296184,0.0004449956829850804
hw_pdf4lhc_unc_14,1.0,0.0024935063791354174,0.0815365439131913,0.040417877177830276,0.2128636209507514,0.010491268362603709,0.11420994937651656,0.02300514673156011,0.013731284175020739,0.08040265856244237,0.07008049987611767,0.0028447635608784853,0.013732243398453133,0.00033914185591966733,0.0021303650967774636,0.00013055076039349662,0.0008934525988044196,3.326399589611939e-05,0.00029910460872662186,0.000657168651681746,0.0036687332848628503,0.00012860451213075167,0.000850584920338313,5.9064000847694245e-05,0.0003882444673457396,1.8027902047861423e-05,0.00014505156566086552,0.039288117179979376,0.1042751612609842,0.06012490383584608,0.01667723825788936,0.0038872065346644783,0.0007979144992180194,0.031463505480084454,0.023751969361653986,0.008318520028594423,0.002295240788645274,0.000511104295488351,0.013697877345572032,0.012055088504240571,0.00520496703319726,0.0016617560835621924,0.00043870882444515467
hw_pdf4lhc_unc_15,1.0,0.0024910056539194448,0.08157986179199807,0.0403988851259525,0.21284089696116604,0.01048990944379484,0.11426476331011705,0.02299396635864754,0.01373051089263695,0.08040378570189059,0.07004302299554302,0.0028435061139569116,0.0137243148505838,0.0003394483042639163,0.0021307914770703337,0.00013083082219948064,0.0008933092067512394,3.344538842897601e-05,0.00029900906058696343,0.0006656957780989748,0.003676374995671027,0.00012920245696473266,0.0008522339197730549,5.946320090926545e-05,0.0003894746130625046,1.8147888196048517e-05,0.000145420354449243,0.03929783439799858,0.10423238420572069,0.06013091191508065,0.016698781550147975,0.003899507448423901,0.0008053305250312983,0.03143982401460081,0.02374833827182515,0.008323607703325752,0.002301778843936174,0.0005148935757334304,0.013684067898506711,0.012045777422066022,0.005203924586406953,0.001664264692686591,0.000441496281876764
hw_pdf4lhc_unc_16,1.0,0.002489835293657599,0.08153339614905604,0.04031216939596697,0.21250641161983766,0.010479520565943996,0.11408855834897504,0.023060128042585448,0.01373535318880668,0.08050238000098903,0.07032232883390685,0.002862389300768763,0.013822025720650638,0.00034191226116614225,0.002146550318673453,0.0001315652628111137,0.0008998011691806947,3.361852053920681e-05,0.00030092205487997097,0.0006641534688846652,0.003708661989114293,0.00013049396471246475,0.0008618177015500164,6.0024113128000186e-05,0.00039360931721495586,1.836485786209823e-05,0.00014715543596273753,0.03928516767845509,0.10402298257667641,0.06005582072509401,0.01668814632668195,0.0039005502545351933,0.0008058335194097578,0.03149088830463359,0.02380615125696729,0.008355446187577147,0.002311727163746775,0.0005179016448690724,0.013736690736296603,0.012108163257261224,0.005238297914837631,0.0016772393609333766,0.0004458461952003978
hw_pdf4lhc_unc_17,1.0,0.0024885618815596432,0.08137844347753294,0.04039653446994797,0.21281641189765363,0.010489258978852256,0.11420655123445302,0.02302835853201658,0.01373741347534303,0.0804599870889292,0.0701660971993793,0.002850463550001913,0.013759511469938214,0.0003403267935600076,0.0021365469446187517,0.00013100877965275103,0.0008955624796296924,3.348000143005345e-05,0.0002996640202984345,0.00065984113604569,0.00368289703154472,0.00012935493173297168,0.0008548821231841548,5.930249496355694e-05,0.00039032764986172763,1.810312280719174e-05,0.000145778581289271,0.03920980738861443,0.10422526133631761,0.06011786762674119,0.016682903062815904,0.0038933091752780054,0.0008025232039693913,0.031482609714991096,0.023775117692546633,0.008330991757244461,0.002300987608577839,0.0005145674749631651,0.013712872390460045,0.01207285768393999,0.005214863893433713,0.0016666680175230755,0.0004421226263567401
hw_pdf4lhc_unc_18,1.0,0.00249804529936757,0.08172888783273458,0.04039156243989076,0.21282568417340994,0.0104904844215883,0.1142651649588711,0.02297608690855597,0.013727249477641172,0.08037914998297382,0.06998220440355253,0.0028411735592881555,0.013709252225430386,0.000338864350998027,0.002127100596561813,0.00013032175835550242,0.0008917587884298748,3.332249546922387e-05,0.0002987057949193157,0.0006590745342582016,0.003672384045830832,0.00012914133513305072,0.000850880861863386,5.923755312356083e-05,0.000388478475257407,1.8021208731072336e-05,0.00014516894596360662,0.03937956586371358,0.10421854214279386,0.060144021718314705,0.016707246773081882,0.003903710573056253,0.0008055011709002599,0.031411551777692004,0.023728559901159716,0.008322039234747537,0.002301404653666974,0.0005148147354242315,0.013668162782391361,0.012033931211864907,0.005199734204230807,0.0016625344258789643,0.00044127240288384856
hw_pdf4lhc_unc_19,1.0,0.0024861912544551306,0.08130649510271358,0.04041010394831517,0.21300057228860877,0.010501422878102648,0.11444663656115296,0.022976214649061,0.013735991334945324,0.08043644509811726,0.06996698382973723,0.0028398928864763412,0.013700337943219785,0.0003386758001297182,0.002124674845929207,0.00013043586018295235,0.0008904711931461418,3.333959613864242e-05,0.0002981616805504001,0.0006602678831888997,0.0036752248922425645,0.00012935270876292393,0.0008515896341533065,5.9266086722118125e-05,0.00038862099797329103,1.813345641906314e-05,0.00014505797926046035,0.03917884782853236,0.10427838617069582,0.0602270658168453,0.01675422814010651,0.003922833604402696,0.0008099497121940014,0.031399582315424994,0.023732854373489924,0.008332657867162486,0.0023077018539631186,0.0005167096991077851,0.013653489828358518,0.012027396582739174,0.005201151616280569,0.0016645500993184477,0.0004420341016732895
hw_pdf4lhc_unc_20,1.0,0.002495294366646622,0.08164475170140889,0.040370807608394954,0.2127111637699609,0.010485805941419112,0.11416033882715428,0.023014519487370627,0.013731656965601564,0.08043303384797924,0.07012997225984147,0.0028489894287866565,0.01375297245841882,0.00034020717516724446,0.002135670853772639,0.00013094275484060487,0.0008957809884436666,3.351867688347528e-05,0.00029962302937699097,0.0006602095491237256,0.0036841337912601234,0.00012967968356331614,0.0008545925513935591,5.955405259816688e-05,0.00039029978278493755,1.8169790341567492e-05,0.00014566749941591752,0.039339453014202774,0.10415634286291155,0.06009298717945799,0.016686465443806586,0.003897803887125691,0.0008050042357812614,0.031461396132363366,0.02376217659948554,0.008331293619766839,0.0023032551116588624,0.0005153437661387322,0.013703511066664287,0.012064561705144517,0.0052133908072807735,0.00166719087321106,0.0004424668530510871
hw_pdf4lhc_unc_21,1.0,0.0024994565861324,0.081728979743639,0.040340130411144634,0.21258874697596025,0.010479644345379025,0.11412501067927647,0.0230233524099558,0.013730432053703983,0.08043867780309616,0.07016804783227196,0.00285272458361696,0.013771730892099094,0.0003406755394216486,0.0021399012614082987,0.0001314123102331482,0.0008976608774614585,3.3784435836808755e-05,0.0003012720842107201,0.0006623929012499968,0.003693841521777986,0.00013008172267822975,0.0008587568068265205,5.9908583837406585e-05,0.0003924876464923209,1.8386529070961063e-05,0.00014686496782415745,0.03938360557522084,0.10408944153745821,0.06006470584250692,0.016685743085906278,0.003900470734267748,0.0008062195310699371,0.03146167305418963,0.023770511181123,0.008338201474483654,0.0023066334473134504,0.00051723483066499,0.01370839209994764,0.01207570089368011,0.005220701335142046,0.0016715090593987013,0.00044489481302158445
hw_pdf4lhc_unc_22,1.0,0.0024936970061653035,0.08157579896630086,0.04037226887025284,0.21273219354779987,0.010486419397651287,0.1141975406019413,0.023014785398502016,0.013732418378548623,0.08043995922285772,0.07012632671820639,0.002849337022087992,0.013752657771429207,0.00034001684023088807,0.002135053896846817,0.00013105349476003853,0.0008951961240305598,3.3495561714714575e-05,0.00029956480715675256,0.0006607486050674919,0.00368476441983479,0.00012964123409127653,0.0008549951691004797,5.9498430851018056e-05,0.0003904605268169732,1.818920534531696e-05,0.0001458719988595917,0.03930953428893331,0.10416795305306262,0.06010574067128417,0.016693305729345773,0.003900543518528704,0.0008052019992864124,0.03145887679599055,0.023763398298824207,0.008333183632899557,0.0023043325293168105,0.0005157888088027961,0.01370084460878116,0.012064596658499157,0.005214041331025995,0.001667792433941365,0.0004429124250273723
hw_pdf4lhc_unc_23,1.0,0.0024856117813298233,0.08137218996708942,0.040378055766078634,0.21277879828696628,0.010488638569590487,0.11422572928247633,0.02302944680413513,0.013738966113997766,0.08048917687189709,0.07017030890724815,0.002851060889891688,0.013760693978720543,0.0003403033878766818,0.002135893834385957,0.0001311110187370833,0.0008951893469044465,3.340513654468372e-05,0.0002993506769597246,0.0006619760830524257,0.0036877668502768276,0.000129810665456596,0.0008547879324040172,5.946015716381745e-05,0.00039012845523701616,1.8111327268061616e-05,0.00014581358911868646,0.03921009590425397,0.10418230028920356,0.060114371465719886,0.016699833677746006,0.0039050954442741534,0.0008074475490726014,0.03148010800371902,0.023777377004460695,0.008338995061010586,0.0023069966024227536,0.0005167947351140551,0.01370975717850204,0.012070977628159646,0.005215953499210244,0.0016688419771619617,0.00044326829916139333
hw_pdf4lhc_unc_24,1.0,0.002498021046658154,0.08172271200893834,0.04037404993529198,0.21271702808283333,0.010485310027395849,0.11418015886110845,0.023002441693337525,0.013728311427778958,0.08040468770790109,0.07008364061475457,0.002846876992940329,0.013742429448822254,0.00033994208756709375,0.0021335374419150367,0.00013095491532863962,0.0008947872202982403,3.34630159569866e-05,0.00029969823311034905,0.0006601326600166826,0.003681410539926107,0.00012940558466224272,0.0008544060036155146,5.957295200345655e-05,0.00039033716570805555,1.8182829694422446e-05,0.00014604323489071422,0.03937676175729978,0.10416826092167038,0.06009909041925134,0.01668780731923062,0.00389728380099281,0.0008038252814259177,0.03144416808852696,0.02375125807518625,0.008327860714328648,0.002302004974231921,0.0005150851452496839,0.013693131401676063,0.01205759977502767,0.005210035608463942,0.0016660316545400243,0.000442253330443691
hw_pdf4lhc_unc_25,1.0,0.0024988850531931996,0.08177791628418339,0.040328339226614884,0.21253404288900385,0.010477644958063994,0.11408907088447187,0.02303239207828587,0.013731300906196195,0.0804547565928882,0.07020234864972512,0.0028538095439447297,0.013777958265036956,0.000340943382349385,0.002139684065260415,0.00013122993521778504,0.0008970487534894319,3.355331606100653e-05,0.0003003132659757393,0.0006620506483088004,0.003693569495799723,0.0001299524514546074,0.0008573394223495112,5.970632465986043e-05,0.0003915444733535845,1.823640607590204e-05,0.00014640029062700747,0.03940425020709557,0.10405387554811278,0.06004725223920819,0.01668020412059266,0.0038989430149532793,0.0008054252583677491,0.031474443378740925,0.0237772072428315,0.008339913846310698,0.0023069280588786318,0.0005166883636563488,0.013716483722331306,0.012080888288238863,0.005222400671738247,0.0016711347929146488,0.00044392368343766886
hw_pdf4lhc_unc_26,1.0,0.0024990396170855196,0.08176394968409163,0.04037649329835216,0.2126908500715247,0.010483336188733393,0.11412928626703749,0.023009410331869706,0.013727566754555973,0.0803954304259477,0.07011151327587391,0.0028480797484466344,0.013750145753792362,0.00033997320256316,0.0021349237408605326,0.00013093895636425836,0.0008954502085313993,3.34905147410491e-05,0.00029979054178773645,0.0006589516642222445,0.0036793679820178783,0.0001291889336176683,0.0008538782613793463,5.93776557340871e-05,0.00039021447476186416,1.815797110258529e-05,0.0001459199286041314,0.03939765090836015,0.10417095858961682,0.06008164838467769,0.01667005126640464,0.003888317130245028,0.0008000329791878447,0.03145824826784961,0.023756103166291852,0.008324851896618732,0.002298536504252345,0.0005131254553130937,0.013703470151243968,0.012064376802808386,0.005211319238931857,0.0016652797662618172,0.0004413040383370995
hw_pdf4lhc_unc_27,1.0,0.0024917315132400595,0.08151419536673653,0.04034273625798978,0.21259940102958597,0.010481404974344067,0.11411389023959895,0.023051446532224094,0.013736874431179654,0.0804980320384198,0.07026651252408697,0.002857347286192835,0.013794891069955672,0.0003411930214639744,0.0021411993458013523,0.000131275219804646,0.0008971881940040697,3.349346947287738e-05,0.00029976969551509644,0.0006622520392092614,0.0036961386669984043,0.00012993772436924089,0.0008576730577697042,5.967472313881924e-05,0.00039145569832236865,1.8215626624717583e-05,0.00014620775588344642,0.039277271901723386,0.1040903434527816,0.06006250611131522,0.01668264454724113,0.0038980271667602823,0.0008044705001728559,0.031499983517499205,0.023794858357891475,0.008345119524179214,0.0023073093797459955,0.0005162154409904819,0.013730218738625607,0.012093445940239504,0.005227436777318153,0.001672290126583394,0.0004437210150000972
hw_pdf4lhc_unc_28,1.0,0.002502330827503928,0.08182654165939061,0.040361970317222544,0.21263830035765036,0.010480226581478033,0.11411335143401105,0.023009755855224256,0.01372716557140453,0.0804086269069057,0.07011321557278927,0.002848644316143091,0.013750742643276673,0.00034010169105564016,0.0021352144576014765,0.00013101781608633976,0.0008954881961588157,3.347800952457474e-05,0.0002998469074596546,0.0006602905710134091,0.00368365799816757,0.0001295360471428659,0.000854647251272053,5.949895879465884e-05,0.00039038210174939845,1.818038065076491e-05,0.00014597333566115938,0.03942643944405187,0.10413424078908531,0.06006268969444183,0.016675011300937858,0.0038956541510606125,0.0008038943204534412,0.03145526694696656,0.023756164612021655,0.008328611243496256,0.00230259089326009,0.0005152129802951983,0.013701181656681997,0.012063091110489421,0.00521233245492676,0.0016669047012254417,0.00044252793526732795
hw_pdf4lhc_unc_29,1.0,0.0024936934592708192,0.08156317660355251,0.04038635902233634,0.2127782652638052,0.01048894024847375,0.11422279918293239,0.023008202385890165,0.013731269087607167,0.08042593934367881,0.07009513878194225,0.002847145408180359,0.013742612699071345,0.00033979284033688537,0.002132677149648177,0.00013093669660550728,0.0008941220793733185,3.351071239005404e-05,0.0002993920655976614,0.0006601814931867218,0.003680752385763909,0.0001294048255018582,0.0008542553260177051,5.944353681859057e-05,0.0003901713151435067,1.8207593282514052e-05,0.00014574624312739946,0.03930306771577701,0.10420267006686292,0.06011560580611731,0.01669240854328083,0.0038993896030982056,0.0008047403574324507,0.031453759808895,0.023757167933476035,0.008329187439351083,0.002302615036550071,0.000515336627936998,0.013694666251862136,0.012058506083915713,0.0052102882832707155,0.0016661744406561946,0.0004422802519824026
hw_qcd_0,1.0,0.0025922482541377453,0.08307311243630755,0.03986289642327382,0.20954116135345066,0.010264633313563145,0.11219193483695537,0.023581832328835657,0.013515663559946527,0.07932741914245016,0.07260196506971187,0.003161575805601498,0.01513547391647303,0.00040084290218346714,0.002423450704981854,0.00015705971421264646,0.0010368779953665718,4.055883759087144e-05,0.0003455248802352452,0.0006511645876567373,0.0038508598511384985,0.00013597814104940914,0.0009231800576658577,6.534449501580721e-05,0.0004264539325808421,2.130435552409038e-05,0.00016426253590496882,0.04007135094164795,0.10253219744924051,0.059097845801226664,0.01632885803557157,0.003771544945780318,0.0007777846288769782,0.032014061259427316,0.02394233712345891,0.008290800577600286,0.0022574812110260573,0.0004959737848914119,0.014605184450654708,0.012729119741265072,0.005437421124415818,0.0017104828376935729,0.0004447766554088914
hw_qcd_1,1.0,0.002619526947683118,0.08409259736245725,0.04028559058419592,0.21069208267206063,0.010291527290560506,0.10913492368826828,0.02364054750265754,0.01347135506133396,0.07916736116459477,0.07263816521452844,0.003120341110359977,0.014922235689245406,0.0003856620194176252,0.002349630598287265,0.00014809801813009995,0.0009951311502898815,3.713877376303093e-05,0.0003296265934844147,0.0006712887785739515,0.0038212297490876792,0.00013478561384888956,0.0009050015718449185,6.374105573159035e-05,0.00041528153630573315,2.0159848899322572e-05,0.00015744815268368248,0.04039413156759538,0.10358093402279288,0.05907840497494765,0.016177549351381642,0.0037228364110914306,0.000774144358308714,0.032025849893363476,0.023939161372820445,0.008290557267510766,0.002263312121505879,0.0005007517837181357,0.014544517455939017,0.012654325790661303,0.005398382777511543,0.0017005216264002628,0.0004441414761576054
hw_qcd_2,1.0,0.0026650584673357383,0.08568232323435175,0.03951358659873901,0.2086909228918374,0.010274661224226362,0.10565097408516298,0.024140332827694636,0.013603453460751974,0.08056411465945343,0.07409678909327351,0.003138436028740346,0.01500443517213445,0.00037938224393134495,0.0023294306643132346,0.00014384591908587886,0.0009788008349491401,3.5547467058028155e-05,0.00032293186868945104,0.0006989202877701833,0.0038658010730686916,0.00013611503077620252,0.000904439337807238,6.33394229672647e-05,0.0004125689088002207,1.9518477865069907e-05,0.00015456526492748848,0.04107806430194134,0.10228500161781283,0.05869856492977932,0.01627870464795422,0.0037990458800756847,0.000800668959487727,0.03260934487314459,0.024420263755677362,0.00847894498512533,0.0023224285835963068,0.0005162936745713678,0.014752684798058777,0.012836901164825313,0.005474584699239327,0.0017264142552514006,0.0004517943277481378
hw_qcd_3,1.0,0.0024846756704046593,0.0817263490993271,0.03880448918453242,0.20782299839518933,0.010379737929225691,0.11335535364246008,0.02376983811504585,0.013949918956387725,0.08264162017157378,0.07283729743560882,0.0030071984066848017,0.014544336087622609,0.00036629831990309786,0.00228833915704192,0.0001430368600306705,0.0009674456920880282,3.7175466166688444e-05,0.00032520502290437036,0.0006849805366763303,0.003916237094838672,0.00013868085108023696,0.0009200198851278721,6.466281214164361e-05,0.0004225798278324508,2.0354469530121545e-05,0.0001599027721505021,0.039465300067072,0.10058876572201988,0.05925839730120985,0.01688835059473368,0.004045024483503492,0.0008563593464125061,0.032312064011026584,0.02456537211481396,0.008686959364657331,0.002420500830843261,0.0005461928996817199,0.014238852126214924,0.01261831198038743,0.005492186042170319,0.0017669682420004263,0.00047166301167714204
hw_qcd_4,1.0,0.0025061244321145913,0.08169863101898324,0.04120157410861545,0.21537624806513542,0.0105511949812596,0.11436511018450346,0.022622932270197297,0.0136279022447448,0.07936041954109371,0.06864861445929488,0.002747998301230466,0.013248947678899779,0.0003224289523607976,0.0020340781014073794,0.000123152522109247,0.0008474236790708129,3.124014460384298e-05,0.0002830438274697138,0.000646357723256191,0.0035369857877565244,0.00012366148800348369,0.0008110125670350325,5.596204829846605e-05,0.0003685760094314398,1.6685984733836408e-05,0.0001363713667250706,0.03932759009683362,0.1061586309578174,0.060541637954726724,0.016591345196522445,0.0038265091183465193,0.0007773611592070934,0.03103805555835464,0.023351353061609258,0.008143819237831461,0.002239130373425385,0.0004978207448033126,0.013393262428650913,0.01174283454335824,0.005047114211452454,0.0016066152647194484,0.0004242426040065448
hw_qcd_5,1.0,0.0024477660029211252,0.08139912776700069,0.03851431487328164,0.20787626183587207,0.010469922565265898,0.1145862583815787,0.023614217910520943,0.014063215115443999,0.08327655564939601,0.07222768619602325,0.002911933967493281,0.014154430441837465,0.000348606344081017,0.0022084386183325636,0.0001359479692583565,0.0009283734105314579,3.548764872387035e-05,0.0003133273428729504,0.0006963404996395731,0.003919736878542535,0.00013922470133918315,0.0009120709477408992,6.410377066798176e-05,0.000417751719537238,1.9867207900355756e-05,0.00015671024794457983,0.03932108257713188,0.10015282592449855,0.059661476783063314,0.017285047905902372,0.004218085379647341,0.0009094727259654974,0.03207884614962487,0.024587918872760073,0.008789542276047757,0.002477707892674843,0.0005668737201422283,0.013930158570897713,0.012449618541325756,0.005471158378656499,0.0017806645260121574,0.0004818417619015035
hw_qcd_6,1.0,0.0024538118399196614,0.08094528089821502,0.04046994243715341,0.21406160621723233,0.010603535068435734,0.11650134992054693,0.02259678204064447,0.013788081885771755,0.08039085836685186,0.06861967750377698,0.00271907461786766,0.013184918155110864,0.0003198104452719099,0.002032917247320807,0.00012340559674676354,0.000848368740372645,3.186197686351161e-05,0.0002853855954222292,0.0006547257435180092,0.0036134572692744045,0.00012717837812472428,0.0008299735551160641,5.76551409745202e-05,0.0003781403463115978,1.7359266261848572e-05,0.0001402899305758468,0.03904632778848857,0.10460799664199079,0.060794193348810914,0.017060940803354848,0.004031041639114947,0.0008380342715832148,0.030964882042172046,0.023521568422583274,0.008307927681832219,0.0023140431996981755,0.0005220146160664897,0.01325270939570297,0.01174349499312144,0.005109854053209035,0.0016479261928396465,0.0004415967257499355
hw_qcd_7,1.0,0.0024595722887367916,0.08064029216789191,0.041772562786317635,0.21810469792907036,0.010692678717621635,0.11759704617589549,0.0219492193398241,0.013612746671289616,0.07857953730282342,0.06629737751073712,0.0025868247020733384,0.01252496675771979,0.00029969626023395256,0.0019124120210863868,0.00011487936437627779,0.0007934739501359737,2.9554530758884707e-05,0.000266453714167739,0.0006262032326306028,0.003404971981016205,0.00011888275089573728,0.0007728620390681011,5.3116557103077785e-05,0.0003504676765862321,1.56078003647824e-05,0.00012888271284464982,0.03887175308772105,0.10760054388923042,0.0614776892340947,0.016894571230091304,0.003907075207590839,0.0007917839429447124,0.030269674457194428,0.022848186858649203,0.008000099315219705,0.002207812640479888,0.0004923289937499924,0.01280974256543053,0.011280207795163822,0.004870412647163029,0.001558997507229028,0.00041413368677758875
