,ALL_acc,UNKNOWN_acc,GG2H_FWDH_acc,GG2H_PTH_200_300_PTHJoverPTH_0_15_acc,GG2H_PTH_300_450_PTHJoverPTH_0_15_acc,GG2H_PTH_450_650_PTHJoverPTH_0_15_acc,GG2H_PTH_GT650_PTHJoverPTH_0_15_acc,GG2H_PTH_200_300_PTHJoverPTH_GT15_acc,GG2H_PTH_300_450_PTHJoverPTH_GT15_acc,GG2H_PTH_450_650_PTHJoverPTH_GT15_acc,GG2H_PTH_GT650_PTHJoverPTH_GT15_acc,GG2H_0J_PTH_0_10_acc,GG2H_0J_PTH_GT10_acc,GG2H_1J_PTH_0_60_acc,GG2H_1J_PTH_60_120_acc,GG2H_1J_PTH_120_200_acc,GG2H_GE2J_MJJ_0_350_PTH_0_60_PTHJJ_0_25_acc,GG2H_GE2J_MJJ_0_350_PTH_60_120_PTHJJ_0_25_acc,GG2H_GE2J_MJJ_0_350_PTH_120_200_PTHJJ_0_25_acc,GG2H_GE2J_MJJ_0_350_PTH_0_60_PTHJJ_GT25_acc,GG2H_GE2J_MJJ_0_350_PTH_60_120_PTHJJ_GT25_acc,GG2H_GE2J_MJJ_0_350_PTH_120_200_PTHJJ_GT25_acc,GG2H_GE2J_MJJ_350_700_PTH_0_200_PTHJJ_0_25_acc,GG2H_GE2J_MJJ_350_700_PTH_0_200_PTHJJ_GT25_acc,GG2H_GE2J_MJJ_700_1000_PTH_0_200_PTHJJ_0_25_acc,GG2H_GE2J_MJJ_700_1000_PTH_0_200_PTHJJ_GT25_acc,GG2H_GE2J_MJJ_1000_1500_PTH_0_200_PTHJJ_0_25_acc,GG2H_GE2J_MJJ_1000_1500_PTH_0_200_PTHJJ_GT25_acc,GG2H_GE2J_MJJ_GT1500_PTH_0_200_PTHJJ_0_25_acc,GG2H_GE2J_MJJ_GT1500_PTH_0_200_PTHJJ_GT25_acc,ALL_xs,UNKNOWN_xs,GG2H_xs,ALL_ratio,UNKNOWN_ratio,GG2H_FWDH_ratio,GG2H_PTH_200_300_PTHJoverPTH_0_15_ratio,GG2H_PTH_300_450_PTHJoverPTH_0_15_ratio,GG2H_PTH_450_650_PTHJoverPTH_0_15_ratio,GG2H_PTH_GT650_PTHJoverPTH_0_15_ratio,GG2H_PTH_200_300_PTHJoverPTH_GT15_ratio,GG2H_PTH_300_450_PTHJoverPTH_GT15_ratio,GG2H_PTH_450_650_PTHJoverPTH_GT15_ratio,GG2H_PTH_GT650_PTHJoverPTH_GT15_ratio,GG2H_0J_PTH_0_10_ratio,GG2H_0J_PTH_GT10_ratio,GG2H_1J_PTH_0_60_ratio,GG2H_1J_PTH_60_120_ratio,GG2H_1J_PTH_120_200_ratio,GG2H_GE2J_MJJ_0_350_PTH_0_60_PTHJJ_0_25_ratio,GG2H_GE2J_MJJ_0_350_PTH_60_120_PTHJJ_0_25_ratio,GG2H_GE2J_MJJ_0_350_PTH_120_200_PTHJJ_0_25_ratio,GG2H_GE2J_MJJ_0_350_PTH_0_60_PTHJJ_GT25_ratio,GG2H_GE2J_MJJ_0_350_PTH_60_120_PTHJJ_GT25_ratio,GG2H_GE2J_MJJ_0_350_PTH_120_200_PTHJJ_GT25_ratio,GG2H_GE2J_MJJ_350_700_PTH_0_200_PTHJJ_0_25_ratio,GG2H_GE2J_MJJ_350_700_PTH_0_200_PTHJJ_GT25_ratio,GG2H_GE2J_MJJ_700_1000_PTH_0_200_PTHJJ_0_25_ratio,GG2H_GE2J_MJJ_700_1000_PTH_0_200_PTHJJ_GT25_ratio,GG2H_GE2J_MJJ_1000_1500_PTH_0_200_PTHJJ_0_25_ratio,GG2H_GE2J_MJJ_1000_1500_PTH_0_200_PTHJJ_GT25_ratio,GG2H_GE2J_MJJ_GT1500_PTH_0_200_PTHJJ_0_25_ratio,GG2H_GE2J_MJJ_GT1500_PTH_0_200_PTHJJ_GT25_ratio
hw_nominal,1.0,1.5053068572125614e-06,0.08713115455170059,0.0021354756186304094,0.0005905641356510627,0.00010529078156022736,1.7751012607778513e-05,0.007094614905211302,0.0015360484952629087,0.00022083254604434455,2.6600998927791812e-05,0.13668399578758783,0.4252126734387313,0.13391007123752202,0.09289435658600101,0.015318825087148704,0.013270970653803877,0.019579173551283077,0.007176434889771567,0.010631954285525502,0.0167978404652461,0.011729384799346008,0.00517886539897397,0.007322618562730903,0.001176475270473376,0.0017672717935158632,0.0006515381911299604,0.0009952554629361256,0.000350443753724424,0.0004920124320948011,48520.0,0.07303748871195348,23.87244320523975,1.0,1.0,1.0,1.0,1.0,1.0,1.0,1.0,1.0,1.0,1.0,1.0,1.0,1.0,1.0,1.0,1.0,1.0,1.0,1.0,1.0,1.0,1.0,1.0,1.0,1.0,1.0,1.0,1.0,1.0
hw_alphaS_up,1.0,1.531601458752887e-06,0.08820714067268019,0.002169041513274132,0.0006000205784388701,0.00010683616333539488,1.8081323906058342e-05,0.00720410081653276,0.0015603244901780976,0.00022456820392389773,2.7068281762569987e-05,0.13199917156216645,0.4242752598325495,0.1353273183125545,0.09423950128564833,0.015562837885011097,0.01341313414206888,0.019868824201825452,0.0072893214692107315,0.010752230672583322,0.017038283552743817,0.011905173483036205,0.00525491760857186,0.007432438620213372,0.0011946934725240764,0.0017957351653497234,0.0006624226551513248,0.0010117467767652582,0.0003566996392260137,0.0005015760173094317,48520.0,0.07431330277869008,24.336468359853626,1.0,1.0174679344708601,1.012349040093818,1.015718228927966,1.0160125585299593,1.0146772751827617,1.0186080256703263,1.0154322557015796,1.0158041852129374,1.0169162469322028,1.0175663641822854,0.9657251443490006,0.9977954241142417,1.0105835734529531,1.0144803704884051,1.0159289499340978,1.010712365506155,1.0147938139362065,1.0157301753827739,1.011312726129905,1.0143139285073688,1.0149870335654771,1.0146851102971237,1.0149973751249872,1.015485410112675,1.0161058259053828,1.0167057958682169,1.0165699304784332,1.0178513254555226,1.0194376901695603
hw_alphaS_dn,1.0,1.4829722335145899e-06,0.08648282304303814,0.0021059419051940244,0.0005827537936741108,0.00010385757266819048,1.7505475167282548e-05,0.007000727621756847,0.0015164084798759043,0.00021805380428826623,2.572019422683472e-05,0.14128469542176855,0.4257050896491963,0.13245658041839342,0.09158356538162175,0.015093416943758568,0.013126501957486898,0.019299430307560105,0.007072452217008485,0.010511216888738259,0.016567436223660494,0.011568641716817941,0.0051059512999925664,0.0072203446847555605,0.001158750299866044,0.001741128740871328,0.0006413899407940692,0.0009799728582185407,0.00034451323820730914,0.00048364694916074334,48520.0,0.0719538127701279,23.466549973279268,1.0,0.9851627436685372,0.9925591309790605,0.9861699599008643,0.9867747776990531,0.9863880876293327,0.9861676938706939,0.9867664017414828,0.9872139353363041,0.987416973603518,0.9668882847840403,1.0336593879017877,1.0011580468815353,0.9891457692039423,0.9858894420226084,0.9852855462407991,0.9891139314458833,0.9857122036846832,0.9855105390963295,0.988643913099625,0.9862836986657719,0.9862956936550474,0.9859208352864608,0.9860331550661571,0.9849338349456337,0.9852071126012115,0.9844241665737336,0.984644540736808,0.9830771259179629,0.9829974155359433
hw_pdf4lhc_unc_0,1.0,1.502937839475102e-06,0.08626228275581135,0.002133880336186304,0.0005893761300832639,0.00010460375444354549,1.765008870398261e-05,0.0070890164316400215,0.0015329980803890971,0.00022002501903116482,2.6345333261722488e-05,0.136795729176175,0.4257103736562316,0.13403471268780845,0.09297323226405188,0.015322760663609205,0.013284467397030559,0.0195954761326657,0.007178274713633392,0.010643975254041137,0.01681465920748449,0.01173400304035037,0.005181409305128711,0.00732472315250862,0.0011762038344149879,0.0017669993515931751,0.000651002572894487,0.0009941206789328197,0.0003495281933025736,0.0004906678507529744,48520.0,0.07292254397133195,23.80720411853432,1.0,0.9984262227159144,0.990028000887172,0.9992529615275455,0.9979883547000546,0.9934749547253681,0.9943144706149509,0.9992108840795336,0.9980141155157413,0.9963432608660068,0.9903888697276623,1.0008174577275368,1.0011704736208245,1.0009307847358646,1.0008490900949172,1.000256911116754,1.0010170125139124,1.0008326491074775,1.0002563701740605,1.0011306452410167,1.001001244313112,1.0003937325855845,1.0004912091662481,1.000287409450552,0.999769280268612,0.9998458403943934,0.9991779173611535,0.9988598063054502,0.9973874254794954,0.9972671801480666
hw_pdf4lhc_unc_1,1.0,1.4885984640682276e-06,0.08649882221647759,0.00212614003830788,0.0005866921142688843,0.00010430448454990555,1.756512410883557e-05,0.007057278277256335,0.001524213071545408,0.00021853705528123576,2.6254460396403472e-05,0.1370560973946403,0.42568884097194776,0.1339953578103359,0.09283943386356727,0.015282964623155192,0.01327534536160973,0.019559171245720968,0.007157350470972754,0.010626645339537654,0.016766185272564665,0.011688519903102004,0.0051750351400035016,0.007307068987589988,0.0011748432834817915,0.0017627428748942739,0.0006506694673741196,0.0009920285888325101,0.0003500792347568383,0.0004903247252561528,48520.0,0.0722267974765904,23.79055566942853,1.0,0.9889003407748548,0.9927427527102514,0.9956283367316004,0.9934435209515226,0.9906326366306092,0.9895280059199841,0.9947373284591471,0.9922948892863731,0.9896052877882963,0.9869727248841663,1.0027223494960649,1.0011198338218983,1.0006368943875967,0.9994087614743002,0.997659059112595,1.0003296449008874,0.9989783886684636,0.9973406825127037,0.9995006613229069,0.9981155201023055,0.9965160239055093,0.9992604057693357,0.9978765007343062,0.9986128165780077,0.9974373389321292,0.9986666572003491,0.9967577428873429,0.9989598360258625,0.9965697882237188
hw_pdf4lhc_unc_2,1.0,1.5032697785093037e-06,0.08696445316550604,0.002133639079510459,0.0005898522257446763,0.00010505354330867095,1.762616318145939e-05,0.0070879975332710865,0.0015339389954808112,0.00022022274844412005,2.5952618895130533e-05,0.1367491113478325,0.42533581753322375,0.13392648449161043,0.0928899725115862,0.015312903674680894,0.01327300767392284,0.019577944645640374,0.007173329571009748,0.010632657957502274,0.016796502009764517,0.01172507533353846,0.005178040199049373,0.007319882075075016,0.001175934119146602,0.001766031816252192,0.0006509901459531536,0.0009944783982483935,0.0003500627145166849,0.0004915344383255983,48520.0,0.07293864965327142,23.84925094755803,1.0,0.9986467352530168,0.9980867763424891,0.9991399859104323,0.9987945256689157,0.9977468278985021,0.992966630745087,0.9990672683396312,0.99862667110537,0.9972386425318756,0.9756257261457999,1.0004763949127289,1.0002896058894402,1.0001225692282645,0.9999528058046159,0.9996134551811824,1.0001534944332333,0.9999372340390423,0.9995672894954785,1.0000661846315244,0.9999203197884662,0.9996325923412634,0.9998406600942439,0.9996262965724018,0.9995400232029049,0.9992983664039563,0.9991588441256892,0.9992192309244505,0.9989126951081607,0.9990284924972979
hw_pdf4lhc_unc_3,1.0,1.482411379685504e-06,0.08718765450222428,0.0021139585422377573,0.0005828271344865296,0.00010393291865193415,1.74544817382858e-05,0.007015020225284876,0.0015146482408402728,0.00021736858275024035,2.618982378587563e-05,0.13763746908276508,0.4256351548314786,0.13367769218836412,0.09248153163073083,0.015207603662533853,0.013241475742130693,0.0194757347492773,0.007120296551791514,0.010594083589633022,0.01668912004500037,0.011624547123169458,0.0051564144341546625,0.0072754571803660024,0.0011712777988870078,0.001756163451554638,0.0006485088014177748,0.0009886648967292761,0.0003491887265708233,0.0004890786500652068,48520.0,0.07192660014234066,23.730096101163838,1.0,0.9847901592838991,1.0006484471692632,0.9899239887335018,0.986898965417188,0.987103686683943,0.983294988514471,0.9887809724713937,0.9860679825613363,0.9843140725579073,0.9845428683700069,1.0069757493529747,1.0009935766714821,0.9982646633893151,0.9955559737917127,0.9927395590730939,0.9977774864821414,0.9947168964136898,0.992177405795172,0.9964380305938639,0.9935277144421828,0.9910619629272973,0.9956648873663032,0.9935594921460292,0.9955821667341321,0.9937144122358644,0.995350403470698,0.9933780155424552,0.9964187486857374,0.9940371790665871
hw_pdf4lhc_unc_4,1.0,1.4824586735245426e-06,0.08409219778086482,0.002099115556850155,0.0005759087425126246,0.00010175881882525693,1.7012179747270178e-05,0.006975376752300635,0.001498229505505744,0.00021340782690970785,2.5451360335256493e-05,0.1381820604284681,0.42771796990107225,0.13404314596235162,0.09262433530389265,0.015172885460095759,0.013283046137902649,0.01950588316864577,0.007107354966748117,0.01063394390798512,0.016727763710912658,0.01161863902393737,0.005148497624608297,0.007266683439289063,0.001165849964311209,0.0017481310910756331,0.0006438365475246278,0.0009815821664298874,0.00034513322168364206,0.00048331699054051183,48520.0,0.07192889483941081,23.450540381025633,1.0,0.9848215773557774,0.965122041748769,0.9829733191692565,0.9751840786567891,0.9664551570172351,0.9583779879585812,0.983193146562038,0.9753790392205738,0.9663785104703463,0.9567821270300411,1.010960058873376,1.0058918668676555,1.0009937618851203,0.9970932434215379,0.9904731840580008,1.0009099171728868,0.996256717248798,0.9903740612038565,1.000187136099929,0.9958282283679007,0.9905582622359859,0.9941362109214714,0.9923613222561494,0.9909685257065439,0.9891693498926099,0.9881792906230475,0.9862615207698531,0.9848462642454231,0.9823267848796677
hw_pdf4lhc_unc_5,1.0,1.4933877744687153e-06,0.08613584962141302,0.002128352448742642,0.000586754476915316,0.00010408558996291972,1.7559200694639644e-05,0.00706408981088723,0.0015254994448950189,0.0002187395858973237,2.6259501641624745e-05,0.137087640766452,0.42585017512574064,0.13403056774403613,0.092878651452495,0.015294750620195493,0.01328181790813551,0.019570938670081355,0.0071633516470647,0.010634101941429112,0.01678167679266967,0.011700433987701705,0.005178421798804808,0.007313052136877632,0.0011762908375752726,0.0017645145394832226,0.0006511401119480573,0.0009929084230018011,0.0003501615627836589,0.0004907208647000328,48520.0,0.07245917481722207,23.80977635524559,1.0,0.9920819581158906,0.9885769339863735,0.9966643637484675,0.9935491193830341,0.988553683623117,0.9891943114808663,0.9956974275937585,0.9931323454953261,0.9905224108288795,0.9871622382642825,1.0029531253936375,1.0014992537307361,1.0008998315466533,0.9998309355478289,0.9984284390730848,1.000817367064897,0.9995794060877926,0.9981769161278793,1.0002020001070295,0.9990377529415241,0.9975317706649101,0.9999143441400794,0.9986935785646462,0.9998432326605308,0.9984398245687183,0.9993890163503498,0.9976417713624998,0.9991947611056952,0.9973749293503228
hw_pdf4lhc_unc_6,1.0,1.5058194783310889e-06,0.08709096670550016,0.002135750631752751,0.000590289027879743,0.00010497030588802737,1.7772723908360355e-05,0.007095113200545567,0.0015357916109309396,0.00022089888883195183,2.627283407264061e-05,0.13667127072747,0.4252307280332525,0.13392300014630923,0.09290496663706342,0.015320517400747094,0.01327233920040613,0.019581691391388694,0.007176974143692376,0.01063312362006378,0.016799506158721576,0.011730281675088751,0.005179336054438652,0.007323610030411458,0.0011765834533561577,0.0017675629369967875,0.0006516006973424701,0.0009950187470889446,0.0003502697684184252,0.0004922874289550694,48520.0,0.07306236108862443,23.885786052899967,1.0,1.0003405426050318,0.9995387660543786,1.0001287830776162,0.9995341610593804,0.996956279861816,1.0012231020878397,1.0000702357127094,0.9998327628764578,1.0003004212413236,0.987663438653488,0.9999069016087473,1.0000424601514701,1.0000965491890768,1.0001142163146648,1.0001104728064172,1.000103123323678,1.0001285978746255,1.000075142313571,1.0001099830291662,1.0000991611677061,1.0000764640054092,1.0000908800342205,1.000135397968918,1.000091955084392,1.000164741768636,1.0000959363754278,0.9997621556916827,0.9995035285858295,1.000558922584735
hw_pdf4lhc_unc_7,1.0,1.5021605529520926e-06,0.08655807205324528,0.0021340529136620935,0.0005891610733695128,0.00010464898732206153,1.7670986471585033e-05,0.007089645456029594,0.0015331520429010086,0.00022007685852170955,2.588805608398708e-05,0.13673256870119488,0.4255184659294687,0.13402040291017603,0.09295876783205151,0.015322201376079122,0.01328296128626882,0.01959315372560588,0.007178444319167066,0.010641014704486737,0.01680950633941522,0.011731863684601404,0.005181429716241759,0.0073248829666076026,0.0011765411559416675,0.0017669958978796738,0.0006513913388461419,0.0009942209061499752,0.0003500161472263937,0.0004913004744316664,48520.0,0.07288483002923553,23.837899019424455,1.0,0.9979098585478479,0.9934227601894652,0.9993337760656671,0.9976241999863349,0.9939045543336695,0.9954917424734174,0.9992995463110961,0.998114348361505,0.9965780065657385,0.973198643940402,1.0003553665030582,1.0007191518734952,1.0008239236349767,1.0006933816909627,1.0002204012978286,1.0009035233953671,1.00071403291289,1.0002800038495943,1.0008521875393661,1.0006944865438658,1.000211339750362,1.0004951503988302,1.0003092341704407,1.0000560024251635,0.9998438861316059,0.9997746067907948,0.9989605113212859,0.9987798141827731,0.9985529681432979
hw_pdf4lhc_unc_8,1.0,1.500221334798107e-06,0.08716132033860582,0.0021291719630559774,0.0005882404809167497,0.00010476732903555746,1.763817065238412e-05,0.007072005406982345,0.0015296750145539165,0.00021968284932305458,2.641846512916905e-05,0.13695121732263588,0.42532371621052756,0.13383539222498544,0.09277811023146498,0.015287355239257002,0.01326267814182971,0.01955185679840934,0.007160996576396684,0.010622435782035308,0.016770754553381877,0.011701998948792456,0.005171763705823463,0.007309322797240943,0.0011746827636385322,0.0017635962595725575,0.000650325058512833,0.0009929800559920821,0.00034968735606731187,0.0004907097338463401,48520.0,0.07279073916440415,23.809236286224422,1.0,0.9966216041665608,1.0003462112611778,0.9970481257105268,0.9960653642948514,0.9950285056591542,0.993643069390591,0.9968131465159089,0.9958507294993305,0.9947938076072397,0.9931380848095874,1.0019550316297696,1.0002611464303222,0.9994423196713553,0.998748617689941,0.9979456748338942,0.9993751390014722,0.9986048056215353,0.9978487489105646,0.9991047268230684,0.9983875360692785,0.9976651929302311,0.9986287164072823,0.9981842881237006,0.9984763752542605,0.9979202214640718,0.9981380483390798,0.9977137458383492,0.9978416004021378,0.9973523062356074
hw_pdf4lhc_unc_9,1.0,1.506456525376752e-06,0.08681946289718757,0.0021375098090754513,0.0005911637146322074,0.00010534748742025083,1.7753084919072832e-05,0.007101866234017231,0.001537205390802501,0.00022085451279902027,2.6300468147170578e-05,0.1365982887128414,0.4253147359665836,0.13400002983615086,0.0929781304319977,0.015335590875645864,0.01328113516319699,0.019598963550950296,0.007184593907997088,0.010641178193515058,0.01681669228744215,0.011743041517040913,0.005183435219352192,0.007329443979788376,0.0011771017526032803,0.0017683655940561574,0.0006520086809560721,0.0009957040023809889,0.0003503250507869619,0.0004922652211882588,48520.0,0.07309327061128001,23.884708532054315,1.0,1.000763743391377,0.9964227301231494,1.0009525702037032,1.0010152648035149,1.0005385643375724,1.0001167432720661,1.0010220891341972,1.000753163421051,1.0000994724512722,0.9887022746237079,0.9993729545712169,1.000240027012899,1.0006717836664374,1.0009018184642802,1.0010944565527564,1.0007659205689072,1.0010107678761508,1.0011369180311451,1.000867564677372,1.0011222765351924,1.0011643166226132,1.000882397982216,1.0009321005865595,1.00053250769109,1.0006189203858213,1.000722121638481,1.000450677701924,0.9996612782045605,1.0005137859878486
hw_pdf4lhc_unc_10,1.0,1.4969048793660294e-06,0.08684067581978645,0.0021260998220070863,0.0005867208262118881,0.00010419826655290282,1.7604739697155777e-05,0.007060106354396655,0.0015260930345409314,0.00021904835175228678,2.6343287318114577e-05,0.13704736860123404,0.4255579286716539,0.1339011572579245,0.09277338825098082,0.015274726865087995,0.013267428351614825,0.019547107908167397,0.007154863767780611,0.010622727063264692,0.01676159402084074,0.011688749682217673,0.005170816170449556,0.007304403784622978,0.0011742914824837188,0.0017624588982772746,0.0006502018935233898,0.0009920746874053032,0.0003497400910065029,0.0004905851443213086,48520.0,0.07262982474683975,23.803191202469893,1.0,0.9944184285042783,0.9966661897984862,0.9956095042521084,0.9934921387751771,0.9896238303948802,0.9917597427338518,0.9951359515244022,0.9935187848868838,0.9919206008171482,0.9903119574427716,1.0026584883735101,1.0008119589431106,0.9999334330904678,0.9986977859639062,0.9971213052039021,0.999733078892158,0.9983622575778446,0.9969941729671788,0.9991321235952481,0.9978421961751363,0.9965356139453622,0.998445754445364,0.9975125321697581,0.9981437875963355,0.9972766524898733,0.9979490110867437,0.9968040612191781,0.997992080867635,0.997099081892269
hw_pdf4lhc_unc_11,1.0,1.5047529291007408e-06,0.08656524165113703,0.002137837879125867,0.0005906081254005849,0.00010498691266324904,1.7725833132629343e-05,0.007100039365642697,0.001536042062723735,0.00022067097979081582,2.6561001066293435e-05,0.13662533392445372,0.4254228128692494,0.1340596759389706,0.09300995696005077,0.015339346675216239,0.013287594383524995,0.019604786626096833,0.007185667786884658,0.010644669758685034,0.016818445272462183,0.011742023366216655,0.005186735114353845,0.007331750767926335,0.0011782022408128052,0.0017695294487242248,0.0006525693254410827,0.0009962315095656809,0.0003511025973388681,0.0004923468704140286,48520.0,0.07301061211996794,23.888670152488665,1.0,0.9996320164827746,0.9935050453138692,1.0011061987666112,1.000074487675202,0.9971140028359985,0.9985815189417343,1.0007645884243006,0.9999958122811918,0.9992683766210064,0.9984963774628558,0.9995708212743116,1.0004941984179792,1.001117202762018,1.0012444283840078,1.0013396319855332,1.0012526385714184,1.0013081795687988,1.0012865576368917,1.0011959676290973,1.0012266342961593,1.001077513193305,1.0015195829150985,1.0012471228860549,1.0014679189463407,1.0012774804739402,1.001582615302004,1.000980699595133,1.001880026701695,1.00067973550547
hw_pdf4lhc_unc_12,1.0,1.5079695348548022e-06,0.08721559607224437,0.0021377012011969646,0.0005912255673786207,0.0001051762314623184,1.779172595478932e-05,0.007103828201419606,0.0015384703755176553,0.00022130333750159588,2.65506687504292e-05,0.13655832752843072,0.4251106010851406,0.13392536174268507,0.09293758376613416,0.015332103530909316,0.01327317224764278,0.019589135805611065,0.007182976106444682,0.010635612952041055,0.01680878660989773,0.011741241090165933,0.005181242746644986,0.007327944645944246,0.0011768661830092563,0.0017689960199119747,0.0006520281883444091,0.0009954962396350518,0.0003506712285800214,0.0004927009318656847,48520.0,0.073166681831155,23.90584921412302,1.0,1.0017688603685573,1.0009691312020166,1.001042195259519,1.0011199998232687,0.9989120595724381,1.002293578845917,1.0012986323192168,1.0015766951774085,1.0021318934445325,0.9981079591221655,0.9990805927319216,0.9997599498792799,1.000114184878118,1.0004653369884007,1.0008668056254362,1.0001658954643435,1.0005088189397726,1.0009114855458994,1.0003441198501515,1.0006516399935026,1.0010108194950331,1.000459047974386,1.0007273468046596,1.000332274333079,1.000975643023579,1.000752062152487,1.0002419245187721,1.0006491051793043,1.001399354418652
hw_pdf4lhc_unc_13,1.0,1.5024799551835625e-06,0.08721115730513142,0.0021327969147943004,0.0005897948821509991,0.00010513160863004414,1.7728416317149883e-05,0.007086226489804601,0.001534046221756076,0.00022054361663269092,2.650807134032385e-05,0.1368156711552874,0.4252458415716265,0.1338455608691865,0.09282468664342744,0.015302052472007329,0.013263501149241934,0.01956251803714348,0.007168306855192917,0.010625656108264414,0.016783454591422303,0.011717137246261758,0.005174857339628412,0.007316346108324537,0.0011755568266904254,0.0017658772830664135,0.000651043478674559,0.000994578264229672,0.00035026244649084164,0.0004916555473204143,48520.0,0.07290032742550645,23.8551271559865,1.0,0.9981220426815608,1.0009181876889208,0.998745617223283,0.9986974259803035,0.9984882538829654,0.9987270421621621,0.998817636260914,0.9986964776743653,0.9986916357356329,0.9965066128636668,1.0009633561481783,1.0000780036319872,0.9995182560375082,0.9992500088796129,0.9989050978096586,0.9994371546168853,0.9991493249653275,0.9988673993837476,0.9994076181018139,0.9991435879002685,0.9989558230637183,0.9992260738527107,0.9991434137456934,0.9992193258914986,0.9992109247402883,0.9992407007568606,0.9993195729823419,0.9994826352826796,0.9992746427709817
hw_pdf4lhc_unc_14,1.0,1.5048368524266037e-06,0.08737564257436696,0.00213260873133241,0.0005897872681832566,0.00010508520261335936,1.7726281406634363e-05,0.00708716329191041,0.001534278349209859,0.00022054724244154468,2.6590675883701425e-05,0.13675630868000846,0.4251570539554712,0.1338347097741883,0.09282022701819762,0.015302176296866669,0.013262957146861543,0.019562798541475652,0.007168891981550895,0.010625318652533073,0.01678370940656154,0.01171842594045358,0.005173552015865283,0.00731601582765768,0.001175078205998693,0.0017653351777265319,0.0006506123777548007,0.0009943462135463136,0.0003498230346123912,0.0004917252984692453,48520.0,0.07301468407973881,23.858511481727785,1.0,0.9996877681226882,1.0028059770804632,0.9986574947178098,0.9986845332777453,0.9980475123859689,0.9986067723745905,0.9989496803701893,0.9988475975475326,0.9987080545512409,0.9996119302091471,1.000529051642103,0.9998691960829618,0.9994372233347554,0.9992020013860071,0.9989131809921896,0.9993961627109741,0.9991636516339909,0.9989489337900324,0.999375878336736,0.9991587574180266,0.999065691928443,0.9989740256408789,0.9990983095710012,0.9988124999226536,0.9989041777295169,0.9985790343716398,0.9990864160774062,0.9982287625177052,0.9994164098164485
hw_pdf4lhc_unc_15,1.0,1.500769598689574e-06,0.08728014234328065,0.002130393997018041,0.0005887472195573783,0.00010519373254865418,1.771706649690147e-05,0.007077316911086936,0.0015315374377360622,0.00022019336544162353,2.65385958684584e-05,0.13688340569489815,0.42524468935010856,0.13382961500886678,0.09278657587179669,0.015292440867799956,0.013260997523426252,0.019552005285327204,0.007163386148112288,0.010621471605333208,0.01677071465436091,0.011705541568296713,0.005172608429558383,0.007311069696138152,0.0011749255802082777,0.001764957465963064,0.0006509168370770409,0.0009934655481037876,0.000350253976467875,0.0004916774495233657,48520.0,0.07281734092841813,23.856189850873704,1.0,0.9969858248494334,1.0017099255983306,0.9976203794751693,0.9969234229036252,0.9990782762732399,0.9980876521454237,0.9975618135225832,0.9970632063110257,0.9971055869518768,0.9976541084226648,1.0014589118949977,1.0000752938785158,0.9993991771648562,0.9988397496019628,0.9982776603820039,0.9992485003065871,0.9986123895431688,0.9981817236748184,0.9990140401368575,0.998385160822231,0.9979672223686766,0.9987918262141305,0.9984228501739077,0.9986827685171191,0.9986904518245069,0.9990463275040841,0.998201552366206,0.9994584658606921,0.9993191583188068
hw_pdf4lhc_unc_16,1.0,1.5211074400242324e-06,0.08705978316487135,0.00216134315023408,0.0005990547513955903,0.00010698980463706191,1.8066155726179994e-05,0.007183911821052696,0.0015588508263579264,0.00022450587936962598,2.7021732734193735e-05,0.135473122029787,0.4246392555442006,0.13427244082133624,0.09343186884059165,0.015460937443909526,0.013314264318280368,0.019709089895291652,0.007245373330964771,0.010678494080244088,0.01692287648941632,0.011847911955925808,0.005210788574580749,0.007379551724207861,0.0011838585281411754,0.0017811560367527166,0.0006558557867636433,0.0010032412655523507,0.0003525869341047247,0.000496278006129997,48520.0,0.07380413298997575,24.079408857427453,1.0,1.0104965859525343,0.9991808740834842,1.0121132413678695,1.0143771272787623,1.0161364846158227,1.0177535290726674,1.0125865768663218,1.0148447989535088,1.0166340215293437,1.0158164664245881,0.9911410714120286,0.998651456246839,1.0027060666943524,1.0057862745848616,1.0092769749607,1.0032622831898195,1.0066354355391094,1.0096062240168109,1.004377350905463,1.0074435773115546,1.0101051469115763,1.006164125372539,1.0077749729812124,1.0062757440407808,1.0078563146244934,1.0066267729082694,1.008023872175156,1.0061156187191913,1.00866964685635
hw_pdf4lhc_unc_17,1.0,1.5102571420496958e-06,0.08743100672177538,0.0021361891692119367,0.00059126404195763,0.00010551135779419289,1.777770737733415e-05,0.007099459538504198,0.0015382164854678745,0.00022133554950466906,2.656020104059064e-05,0.13660799244787247,0.4250566621119933,0.13385793999624748,0.09287601351594511,0.015319105245819526,0.013266299776162659,0.019576272430084536,0.007177079110514229,0.01062969015614771,0.016797873042640868,0.011733305157378119,0.005177367228161069,0.007322743363364395,0.0011761268355386784,0.0017671351974933604,0.0006514086199234215,0.0009953722111490462,0.00035026405629613136,0.0004925184674919513,48520.0,0.07327767653225124,23.89699604270948,1.0,1.0032885552958293,1.0034413886929143,1.0003341412916644,1.0011851486812617,1.002094924462493,1.001503844887358,1.000682860642561,1.001411407394787,1.002277759638851,0.998466302438043,0.9994439485085477,0.9996330981259887,0.9996106996225693,0.9998025383809089,1.0000182885220783,0.9996480379798083,0.9998518261666693,1.0000897689106858,0.9997870448539387,1.000001939379936,1.0003342339005137,0.9997107144717069,1.000017043170066,0.9997038314842287,0.9999227079711203,0.9998011302970373,1.0001173047697485,0.9994872289022622,1.0010285012413116
hw_pdf4lhc_unc_18,1.0,1.498569434076889e-06,0.08577775172203793,0.0021273756916423193,0.0005872141369435381,0.00010423109525009846,1.759256790136939e-05,0.007062269163076839,0.0015257543798091508,0.00021879952839094907,2.6273558324166828e-05,0.13714122331209397,0.4260782620971662,0.13408364471833528,0.0928950490654026,0.015291286490964728,0.013287405023535951,0.019574419786496572,0.0071619734845788045,0.010639494352468663,0.016785772270793534,0.011699346670699088,0.005177745445672236,0.00731280837841786,0.0011756788476125,0.001763796464201502,0.0006509458437839099,0.0009925402540210677,0.0003495676870501333,0.0004902793938948567,48520.0,0.07271058894141065,23.788356191778444,1.0,0.995524219461706,0.9844670619065469,0.9962069681726055,0.9943274599568573,0.9899356211965931,0.9910740468777712,0.9954408036846787,0.9932983135066995,0.9907938495035635,0.9876906651320193,1.0033451430935387,1.0020356605353147,1.0012961943729042,1.000007454482996,0.9982023036344296,1.00123836983449,0.9997572029905116,0.9979848761376803,1.0007091891801516,0.9992815627415004,0.9974390704064381,0.9997837454315852,0.9986602901367863,0.9993230432624771,0.9980335060361897,0.9990908478518763,0.9972718472631663,0.9975001218741094,0.9964776536386167
hw_pdf4lhc_unc_19,1.0,1.5049989382033914e-06,0.08714230493632345,0.002134909673186703,0.0005903919389500989,0.00010527931304313574,1.776277944072903e-05,0.007090279256209046,0.0015349547744140408,0.00022072198002044834,2.6611122506917754e-05,0.13669759600255724,0.4252046423971156,0.13392974800573076,0.09288630709078466,0.015316932272482263,0.013272540487250347,0.01957645314322164,0.00717458807294938,0.010630552395021484,0.016790516770789393,0.011721843049136267,0.0051791701579716725,0.007320456962444845,0.0011768603290491066,0.0017668927644242012,0.0006518580996930786,0.000995287929417416,0.00035072180120477437,0.0004923114957229314,48520.0,0.07302254848162855,23.88695377247663,1.0,0.9997954443589394,1.000127972419053,0.9997349792061454,0.9997084199825749,0.9998910776715523,1.0006628823498984,0.9993888816996859,0.9992879646363764,0.999499321880417,1.0003805713895715,1.0000995011514775,0.9999811128827587,1.0001469401668366,0.999913347855433,0.9998764386527248,1.0001182907782273,0.9998610560320991,0.9997426553921893,0.9998681436670654,0.9995640097623346,0.9993570208208906,1.0000588466728182,0.9997048050137337,1.0003272984867548,0.9997855286928402,1.00049100508224,1.0000326212540391,1.000793415426571,1.0006078375435696
hw_pdf4lhc_unc_20,1.0,1.5031502209385565e-06,0.08698211239934925,0.0021345925570137895,0.0005901996002858948,0.00010518096541225213,1.774721040869247e-05,0.007091466272287842,0.0015347822648083009,0.0002205294185181349,2.654460589140168e-05,0.13672408515468848,0.4252925179784059,0.13393744419909798,0.09290330380795062,0.015318527944595097,0.013273139251051289,0.019580201939396615,0.007175470099912199,0.010632632635096725,0.016796520972572514,0.011726395141381357,0.005179594609962146,0.007322544596119109,0.0011765894763663789,0.0017669189256032125,0.0006516969914404441,0.0009951797646876007,0.00035039321691115034,0.000492184850564779,48520.0,0.07293284871993876,23.880808949403075,1.0,0.9985673112005891,0.9982894505057556,0.9995864801223129,0.9993827336555647,0.998957020297998,0.9997858038203198,0.9995561939632344,0.9991756572409577,0.998627342157488,0.9978800406502323,1.000293299642505,1.0001877755407167,1.0002044130163101,1.000096316097968,0.9999806027843573,1.0001634090907126,1.0000525245925649,0.9998655614000285,1.0000638029051863,0.9999214486721484,0.9997451138302822,1.0001408051632932,0.999989898885056,1.000097074622705,0.9998003318369334,1.0002437313923351,0.9999239408861905,0.9998557919416837,1.000350435189704
hw_pdf4lhc_unc_21,1.0,1.5178541493100432e-06,0.0884282656009684,0.002142663742582307,0.0005951445470047676,0.00010664852525754828,1.8089882096354438e-05,0.007120423609194593,0.0015476370854353274,0.00022367046106418524,2.6858714197205705e-05,0.13639145468068983,0.4244302219949317,0.13371543839174374,0.09282517747494852,0.01533092718609836,0.013250150210111701,0.019565144213461894,0.007181689360830869,0.010618152895770165,0.016789008896574895,0.01173861995570197,0.0051781014047422086,0.007326785478155104,0.0011777116645180984,0.0017702333988901511,0.0006530363851629985,0.0009988009450792167,0.0003523054053614274,0.0004961200352771534,48520.0,0.07364628332452329,24.071744111647487,1.0,1.0083353716468921,1.014886880082579,1.0033660529247848,1.0077559930872797,1.0128951811089395,1.0190901497319331,1.0036377878613727,1.0075444168645438,1.0128509817537077,1.0096881801361468,0.9978597266987086,0.9981598586009399,0.9985465406449299,0.9992552926399954,1.0007900148269078,0.9984311287971834,0.9992834560772222,1.0007321840356682,0.9987018953068557,0.9994742438059537,1.0007873521513657,0.9998524784536952,1.0005690471773867,1.0010509307554123,1.001675806395572,1.0022994723155672,1.0035623840060435,1.0053122694218923,1.00834857600013
hw_pdf4lhc_unc_22,1.0,1.505932714779997e-06,0.08717267584306974,0.002135909633725934,0.000590469904521016,0.00010505567451121724,1.7756185290857795e-05,0.007096331894804987,0.001536470814820532,0.0002209103570451563,2.61341336168985e-05,0.1366574240445321,0.42518101442221384,0.1339061735063747,0.09290072415155722,0.01532153534838732,0.013270992959608182,0.019580568978693147,0.00717774338260612,0.010632372365138344,0.01679985946075249,0.011731663175795309,0.005179386503017516,0.007323783043677628,0.001176569776652445,0.001767759526461637,0.0006515590692339502,0.0009954858809701932,0.0003503760873247989,0.0004917879428818958,48520.0,0.07306785532112546,23.86155098862958,1.0,1.000415767432691,1.0004765378306162,1.0002032404827002,0.999840438786648,0.9977670690109216,1.0002914021410259,1.0002420130784582,1.0002749389481684,1.0003523529579563,0.9824493316149288,0.9998055972617524,0.9999255454540866,0.9999708929200672,1.0000685463120713,1.0001769235710438,1.000001680796747,1.0000712710067365,1.0001823318757366,1.0000393229317597,1.0001201937541058,1.000194245178948,1.0001006212757817,1.0001590252089125,1.0000803299325032,1.0002759807221295,1.00003204432875,1.0002315164725526,0.9998069122393937,0.999543732641166
hw_pdf4lhc_unc_23,1.0,1.5030593585034076e-06,0.08711531319556676,0.0021335338130124486,0.0005896211033919152,0.00010485965191493225,1.770275206496626e-05,0.007088061831120923,0.0015340650282639379,0.0002204537275762868,2.6357291740295223e-05,0.13674608842463665,0.4252676893018975,0.13389154235801484,0.09286885708224808,0.015311225349407492,0.013269242407380491,0.019572599174115232,0.0071724403752388985,0.010629913092167622,0.01679190656589505,0.011722540770251661,0.005176915323243163,0.007318925028745042,0.0011755239391326542,0.0017664805209290882,0.0006509325013966236,0.0009945221156279663,0.00035000537723631176,0.0004911788384246844,48520.0,0.07292844007458534,23.831997240365688,1.0,0.998506949796724,0.9998181895303082,0.9990906917405097,0.9984031670698935,0.9959053429093553,0.9972812512796535,0.9990763312487101,0.9987087211080329,0.9982845895007628,0.9908384197090444,1.0004542787668083,1.0001293843448298,0.9998616319195716,0.999725499969104,0.9995038955208394,0.9998697724176723,0.9996642157979434,0.9994433845504037,0.9998080133432611,0.999646746296744,0.9994165057066993,0.9996234550271971,0.9994955992922178,0.9991913715786486,0.999552263217419,0.9990703695630084,0.9992631567115483,0.998749081747204,0.9983057467337408
hw_pdf4lhc_unc_24,1.0,1.5058537137497853e-06,0.08713819252814864,0.0021359674888037344,0.0005907299191959735,0.00010535826129977087,1.779833207706852e-05,0.007095403795916343,0.0015362361317095047,0.00022111683083079887,2.6623582700613915e-05,0.13667066374222667,0.4251940056794575,0.13391971749310383,0.09289971316587445,0.015321146992349587,0.013271828675322835,0.019580419817689806,0.007177264943710347,0.010632137043865756,0.016797745269519673,0.01172934872586132,0.005179591223378023,0.007323216524049341,0.001176752231482135,0.0017672579601965286,0.0006518636794484508,0.0009954526999667657,0.000350641329843145,0.0004923000782576803,48520.0,0.07306402219113958,23.886399797062648,1.0,1.0003632857543985,1.000080774511531,1.0002303328443714,1.000280720644724,1.0006408893403922,1.0026657335181697,1.0001111957048525,1.0001221552881792,1.0012873319243316,1.0008489821334683,0.9999024608163938,0.9999560978295334,1.0000720353255932,1.0000576631355262,1.0001515720159786,1.0000646540137372,1.0000636526564037,1.0001156638291198,1.0000171895340544,0.9999943328592372,0.9999969245203132,1.0001401512393424,1.000081659492887,1.0002354159205127,0.999992172500356,1.0004995690550786,1.0001981772901383,1.0005637883872125,1.000584631899756
hw_pdf4lhc_unc_25,1.0,1.5066396215086341e-06,0.08711010306331915,0.0021372691597958734,0.0005911557705498457,0.00010540577907614665,1.777400951928501e-05,0.007103437904006326,0.0015382821629657685,0.0002211460571711645,2.658073948320675e-05,0.13662285756155093,0.4251902280417952,0.13390542376937756,0.09292720167309154,0.015328653961537377,0.013271454643937305,0.019588645422457543,0.0071819241674384695,0.010635612913555912,0.016811543080161355,0.011743073037523198,0.005179893945981435,0.007327150313115032,0.0011764758303783125,0.0017681301243368227,0.0006514921827467548,0.0009954320208961944,0.000350215666199304,0.0004919303584114596,48520.0,0.07310215443559893,23.86846099012402,1.0,1.0008853771506367,0.9997583930972824,1.0008398790179651,1.0010018131191303,1.0010921897835237,1.0012955267406223,1.0012436191270289,1.0014541648325221,1.0014196780883784,0.9992383953459772,0.9995527038430168,0.9999472137160104,0.9999652941104317,1.0003535746228043,1.0006416206421025,1.0000364698367628,1.0004837727777252,1.0007649031519434,1.0003441162303897,1.000815736698036,1.001167003931694,1.0001986046997222,1.0006188701958605,1.0000004759173018,1.000485681276705,0.9999293849787596,1.0001773996392322,0.9993491465529177,0.999833187785536
hw_pdf4lhc_unc_26,1.0,1.5072446810118192e-06,0.08708163300481486,0.002136357539802073,0.000590927687734054,0.00010502977324440061,1.7747347160418974e-05,0.007099032226780137,0.001536894447827109,0.00022092487079145525,2.659759889944456e-05,0.13663497383039838,0.42521615130692497,0.13392822044657815,0.09292221184013172,0.015324757974771733,0.013273424753047498,0.019586407927993054,0.00717990443723522,0.010635235868920245,0.016806323623584668,0.011736950337313203,0.005180091557791471,0.007325502102101444,0.0011764705226531456,0.0017673717037592648,0.0006515268876314543,0.000995387877471604,0.00035031730195959855,0.0004921179579981654,48520.0,0.07313151192269347,23.877563322070987,1.0,1.0012873280886039,0.9994316436280396,1.000412985830402,1.0006156013564735,0.9975210715320082,0.999793507703446,1.0006226302100754,1.0005507329793357,1.0004180758170136,0.9998721841853954,0.9996413482287595,1.0000081791263782,1.0001355328160788,1.0002998594872115,1.0003872939072858,1.000184922362323,1.000369493466669,1.000483463936752,1.0003086528879466,1.0005050148175962,1.0006450072272859,1.0002367620555932,1.0003937852758324,0.9999959643688655,1.0000565336038114,0.9999826510576663,1.0001330457760942,0.9996391667322315,1.000214478123886
hw_pdf4lhc_unc_27,1.0,1.5106090845873266e-06,0.08693067812333277,0.002141983829773256,0.0005923032059669866,0.00010555543216597734,1.7751049488722887e-05,0.007121247990991035,0.0015421414207252354,0.00022154320680392976,2.6603854883642997e-05,0.1363921551041877,0.4251528750967588,0.13400610198634724,0.09305867228335624,0.015359029507846095,0.013283221761497864,0.019620907226566498,0.007197660171775151,0.010648299567226656,0.016844002970988117,0.011771606750098007,0.005186499001213788,0.0073399698339529015,0.0011775171680783439,0.0017706911747632052,0.0006517511507802987,0.0009964490079344504,0.00034976429462724683,0.0004915072187852515,48520.0,0.07329475278417709,23.8479302554604,1.0,1.0035223564878881,0.9976991418350957,1.003047663520982,1.0029447611375972,1.0025135211442855,1.000002077681155,1.0037539861057392,1.0039666231119115,1.0032180979312828,1.0001073627294577,0.9978648510989271,0.9998593683920827,1.0007171286516223,1.001768844775873,1.0026245107225042,1.000923150839044,1.0021315340596022,1.0029576359751882,1.0015373732111892,1.0027481214527263,1.0035996730838221,1.001473991241659,1.0023695445930108,1.0008856094395835,1.0019348360902312,1.000326856741842,1.0011992348123402,0.9980611465036655,0.9989731696262254
hw_pdf4lhc_unc_28,1.0,1.505948252778879e-06,0.08704921859179224,0.0021350400241564546,0.0005906209921626473,0.00010501184003566097,1.776426924615995e-05,0.007093285250489442,0.0015357700200967115,0.00022082262453824888,2.6601296013943495e-05,0.13670687232176718,0.4252737715487122,0.1339213032988367,0.09289205533097795,0.015316645438275118,0.01327175150629912,0.019577865324401485,0.007175296811439444,0.01063192348678573,0.01679594465258228,0.011727237112638898,0.00517885066989089,0.007321877756193291,0.0011764698327651692,0.001766863309097914,0.0006516563829235017,0.0009952272232137663,0.0003503939649041564,0.0004923531715109131,48520.0,0.0730686092248312,23.888975881709502,1.0,1.0004260895798385,0.9990596249948721,0.9997960199263553,1.0000962749143614,0.9973507507453838,1.0007468102622847,0.9998125825376536,0.9998187067875421,0.9999550722650561,1.0000111682329107,1.000167368052474,1.0001436883559627,1.0000838776442345,0.9999752271816327,0.9998577143572573,1.000058839139624,0.9999331827322453,0.9998414145255125,0.9999971031911025,0.9998871395005958,0.9998168969009159,0.999997155924716,0.999898833111234,0.9999953779664194,0.9997688615755381,1.0001814042448323,0.9999716256545068,0.9998579263584001,1.0006925422893507
hw_pdf4lhc_unc_29,1.0,1.505135551611615e-06,0.08714722057385706,0.0021345903947475355,0.0005902158544310169,0.00010515188158130566,1.77302494391651e-05,0.007092164444424574,0.0015351822894939988,0.00022066487443484024,2.659020768742656e-05,0.13670530905657616,0.42522969754671736,0.13389911908774477,0.09287881606717105,0.015314418459417885,0.013269829823933725,0.019575706966388783,0.007174584697237927,0.010631171647071518,0.01679523186634993,0.011726559987056339,0.005177155360628975,0.007320785671637541,0.0011761003696086248,0.0017667121361908916,0.0006511524183044026,0.0009949550414087023,0.0003500326017023624,0.0004916452892045975,48520.0,0.07302917696419556,23.854629432207073,1.0,0.9998861988835528,1.0001843889506472,0.9995854675768007,0.9994102567375484,0.9986807963920161,0.9988303107505927,0.999654602706494,0.9994360817568056,0.9992407296274588,0.9995943295064015,1.0001559309768895,1.0000400366899895,0.999918212650654,0.9998327076110853,0.9997123390530442,0.9999140356873727,0.9998229452900443,0.9997421850038273,0.9999263880907531,0.9998447062941473,0.9997591679070988,0.9996698044430091,0.9997496945829337,0.9996813355332148,0.999683321305175,0.9994079045084238,0.9996981463165878,0.9988267674407321,0.9992537934689161
hw_qcd_0,1.0,1.4618865091634776e-06,0.08625742188087443,0.002062502583684514,0.000565695566648728,9.988032037422116e-05,1.6720922225977577e-05,0.006901213613722417,0.0014762901689833524,0.0002102438072796997,2.4959219942807994e-05,0.14588645733966127,0.42108274233044507,0.13220208749866683,0.09156551190524156,0.015343000251204686,0.01315607088725411,0.019358307482966547,0.007172469735457448,0.010518309371342618,0.016625153650197007,0.011659383694555537,0.005133786018920833,0.0072647046418841295,0.0011697208098695338,0.0017570422422451134,0.0006496603908769762,0.0009910234358795472,0.00035328537148033315,0.0004948929716054737,48520.0,0.07093073342461194,24.012206982297585,1.0,0.9711551516283616,0.989972212863222,0.9658282050568683,0.9578901468933285,0.9486141036676476,0.9419700495649724,0.9727397055269592,0.9610960679536825,0.9520508233305495,0.9382813032908872,1.067326547625769,0.9902873753153049,0.9872452928814767,0.9856950978552803,1.0015781343489758,0.9913420224076199,0.9887193365063126,0.9994474757487496,0.989311004248993,0.9897197014457678,0.9940319883789324,0.9912955103907378,0.9920910914107242,0.9942587313364228,0.9942116706053465,0.9971178968807224,0.9957477982144469,1.0081086272068176,1.0058546071659376
hw_qcd_1,1.0,1.447909335113873e-06,0.08681871219113257,0.001985360101090833,0.0005420420602100434,9.556076127040758e-05,1.5991053397120574e-05,0.006634523980537237,0.0014130598452792534,0.00020089361921594965,2.3886228332456236e-05,0.15163502546395605,0.4196309512922698,0.13131212312489485,0.09027015595764261,0.014907495329408165,0.01306323689765159,0.01905450793098451,0.00696509408532592,0.010407996805914338,0.016321701659448316,0.01131423471024865,0.005032785036165572,0.00709263197750901,0.001141595380681956,0.001708236875896271,0.0006314368846618748,0.0009609679781088841,0.0003414528632766008,0.00047689199615397383,48520.0,0.07025256093972512,23.13879965339081,1.0,0.9618698859812718,0.9964141143064663,0.9297039421897716,0.9178377545945514,0.907589058171687,0.9008530245825681,0.9351492743691968,0.9199317922819847,0.909710198131796,0.8979447876109916,1.1093839084101893,0.9868731049304771,0.9805993075157201,0.971750699129619,0.9731487398413072,0.9843467549155688,0.9732028719739203,0.9705507250199027,0.9789354361769536,0.9716547608138741,0.9646059792393795,0.9717929794357392,0.9685923029785506,0.970352211672596,0.966595450775488,0.9691479229587079,0.9655490614177699,0.9743442696516336,0.9692681831707987
hw_qcd_2,1.0,1.4372999013318173e-06,0.08687759090123438,0.0019346223592963216,0.0005254869440608097,9.23161537761453e-05,1.540887113807836e-05,0.0064575378275057264,0.0013685754601473609,0.00019389297458280186,2.302361944653316e-05,0.14963903178194737,0.42193321993615635,0.13209103277051443,0.09020667520553194,0.014656991684608935,0.013124165174644145,0.019003625327128237,0.006844663470554825,0.01043557090186844,0.016244176413637068,0.011119024130118737,0.005002871461506111,0.007020918600789566,0.0011313192806399642,0.0016853648478837122,0.0006235632688938915,0.0009457312965683925,0.00033543649144925655,0.0004667255444692552,48520.0,0.06973779121261978,22.645523417648263,1.0,0.9548218653526395,0.9970898623830842,0.905944484881122,0.8898050395178347,0.8767733737766925,0.8680558950944678,0.9102027261215243,0.8909715183914924,0.8780090528135601,0.8655170999040518,1.0947809282258045,0.9922874982157663,0.986415969686245,0.9710673341283027,0.956796072885838,0.9889378491604415,0.9706040593262364,0.9537693263698931,0.9815289477001964,0.9670395695950003,0.947963113183796,0.9660168929081018,0.9587988969578636,0.9616175613999582,0.9536534527780796,0.9570632656428749,0.9502397442545748,0.9571764024449738,0.9486051856090627
hw_qcd_3,1.0,1.5566272315679539e-06,0.08909115322938196,0.0023191420177843067,0.0006470564858044949,0.00011607986384913777,1.9649512257226757e-05,0.0077166021399798475,0.0016852482589419556,0.00024378254990851353,2.9457961987288046e-05,0.12107393825542577,0.42292809254993347,0.1376781453322573,0.09752069904606075,0.016410681944978696,0.013671943207394462,0.020636710606613543,0.0076933146980280465,0.011038629871988457,0.017783515708445847,0.01260202074900194,0.005468811243577123,0.007796290275534147,0.0012508517652887426,0.001893707068765968,0.0006976108869154156,0.001071530063151555,0.0003788323316851266,0.000534945747827242,48520.0,0.07552755327567712,25.95556768457778,1.0,1.0340929652379478,1.022494808978095,1.0860072564404608,1.0956582811977782,1.1024693912328778,1.1069516253183393,1.0876703306773803,1.0971321961117575,1.103924916300881,1.1074005930097375,0.8857945479116612,0.9946272041462869,1.0281388401926221,1.049802190682883,1.071275496104853,1.030214259683835,1.0540133654038306,1.0720245938541404,1.038250313680958,1.058678688206324,1.0743974184992708,1.0559863642450713,1.0646861104050998,1.0632197689845533,1.0715426318204122,1.0707137300816572,1.0766382130577912,1.0810075159251555,1.087260631910554
hw_qcd_4,1.0,1.4691151315072156e-06,0.08545153074582366,0.0020099306242450446,0.0005512751957346512,9.762832419389065e-05,1.6377049382143647e-05,0.006668508109121769,0.0014321122991988544,0.00020453932614786642,2.4529905096470934e-05,0.14587627487698174,0.42775734377041913,0.13174746278903562,0.08996002158008122,0.014588052606070214,0.013033866812663192,0.018897661256349695,0.0068297772367840424,0.010382623990357874,0.016156032120624976,0.011142559461179155,0.0049908798955733,0.007009806745710605,0.0011276012853640163,0.001682959289871922,0.0006209796705504393,0.0009440058628522646,0.0003313376942022429,0.00046285236125254766,48520.0,0.0712814661807301,22.457596567973614,1.0,0.9759572438457076,0.9807230397150276,0.9412098207583923,0.9334721877868563,0.9272257527886836,0.9225980367433916,0.9399394044944513,0.9323353420256014,0.9262191185659456,0.9221422534942073,1.0672520512473096,1.0059844649292997,0.9838502927487023,0.9684121284245809,0.9522957879001078,0.9821336473927983,0.9651919784485121,0.9516950047882955,0.9765489684707289,0.9617922109720596,0.9499696405049672,0.9637014116184767,0.9572814268092045,0.9584572779930219,0.9522922824020139,0.9530978828324345,0.948506085128467,0.945480382175094,0.9407330609145362
hw_qcd_5,1.0,1.5341471825209442e-06,0.08973679166937791,0.002291035290315982,0.0006463769623366292,0.0001172693745513432,2.0016755608645727e-05,0.007611172104560311,0.0016812108100271496,0.0002458648507414999,3.008620156684404e-05,0.11873636776294524,0.4257208017746367,0.13900159866736367,0.0968303456459626,0.015960591097447487,0.013741415896007072,0.020327253896544665,0.007483758442542424,0.011091580848757976,0.017535163119542146,0.012283725637994207,0.005428589533605737,0.007699428010825833,0.0012434949228319015,0.001872552449206989,0.000694589293679069,0.001060858128059901,0.00037690987364045775,0.000529616832137013,48520.0,0.07443682129591621,25.697008695287867,1.0,1.0191591004652616,1.0299047697816426,1.0728454449811706,1.094507646699602,1.1137667781890666,1.1276402113462736,1.0728097587043908,1.0945037316282094,1.1133542367080653,1.1310177354058313,0.8686925420841962,1.0011949980977664,1.0380219903013164,1.042370593915656,1.041893944649657,1.03544919617981,1.038207963339319,1.0428239867693747,1.0432306752727687,1.0438938955171964,1.0472608621962087,1.0482198542331767,1.0514582925311355,1.0569664777837267,1.0595724189552516,1.0660760998130367,1.0659154031973253,1.0755217339009722,1.0764297761381896
hw_qcd_6,1.0,1.4700496752598792e-06,0.08744591973286045,0.0020735509120884477,0.0005782651419996678,0.00010394312480636029,1.7627955235017865e-05,0.006876486615181285,0.001501717033141815,0.0002176290831506078,2.645752003114264e-05,0.13707676977972316,0.4288494456247604,0.13432005983262846,0.0912648398498461,0.014689489180484515,0.013245833277022254,0.01906623523071316,0.006881561193153441,0.010593948363622522,0.016363174919464415,0.011265777272300366,0.005084566479785516,0.007140739613681218,0.0011555851624181603,0.00172393958114562,0.0006403637592024339,0.0009713194716739323,0.0003437130715652871,0.000479571168638903,48520.0,0.07132681024360935,23.268793102359574,1.0,0.9765780765670798,1.0036125445918782,0.9710019135776051,0.9791741609269314,0.9872006197133584,0.9930675857496307,0.9692543861866565,0.9776494933415384,0.9854937012178745,0.9946062590717497,1.0028735916730567,1.0085528311200562,1.0030616710999969,0.9824583882590724,0.9589174820468345,0.9981058373620608,0.973801840040572,0.9589108378815777,0.9964253117646751,0.9741237246132332,0.9604746936879851,0.9817915871675027,0.9751620342516032,0.9822434788222872,0.9754807310741734,0.9828491528514288,0.9759499021572017,0.9807938304289776,0.9747135181057763
hw_qcd_7,1.0,1.4287432721223321e-06,0.08538697597608638,0.001929082132189567,0.000532418412134789,9.486078707974095e-05,1.5979051075107977e-05,0.006386942845970688,0.0013807045877357832,0.00019836151020553074,2.3948623844234167e-05,0.14833618249867406,0.431700043755147,0.13156229404974326,0.08775116615586333,0.013859159529102164,0.01294872737284253,0.018261944556690127,0.006487477257371165,0.010286264387742768,0.015608127921736948,0.010596740291383492,0.0048639061469187735,0.00677740144332813,0.0010984747395219971,0.0016264072071361948,0.000604850399078142,0.0009121751091307647,0.000321732089150162,0.000446222419845111,48520.0,0.06932262356337555,21.650711810884786,1.0,0.9491375564235419,0.9799821477795376,0.9033501086876312,0.9015420679886506,0.9009410479632507,0.9001768760000733,0.9002522238774654,0.8988678365258663,0.8982440032444244,0.9002903954562949,1.0852490933115109,1.015256766135289,0.9824675084847472,0.9446339840313535,0.9047142617176898,0.9757181829899546,0.9327229522153846,0.9039972294067129,0.9674857614603027,0.9291746730199868,0.9034353013957162,0.9391837347003467,0.9255434221061708,0.933699812559601,0.9202926302018162,0.9283422020574913,0.9165235892699712,0.91807054835727,0.9069332210677407
