,all_acc,300pt_acc,300pt450_acc,450pt650_acc,650pt_acc,all_xs,300pt_xs,300pt450_xs,450pt650_xs,650pt_xs,all_ratio,300pt_ratio,300pt450_ratio,450pt650_ratio,650pt_ratio
hw_nominal,1.0,0.011343257011015259,0.009008073850548274,0.0018848971493520099,0.00045028601111497487,1369.0,15.52891884807989,12.332053101400588,2.5804241974629014,0.6164415492164006,1.0,1.0,1.0,1.0,1.0
hw_alphaS_up,1.0,0.01128665411090054,0.008969119591186313,0.0018706050771606217,0.00044692944255360687,1369.0,15.45142947782284,12.278724720334063,2.5608583506328912,0.6118464068558878,1.0,0.9950099958010515,0.9956756283298465,0.9924175851205984,0.9925456965606001
hw_alphaS_dn,1.0,0.011389172803304573,0.009037875710670124,0.0018958382154469812,0.00045545887718746747,1369.0,15.59177756772396,12.3728518479074,2.5954025169469173,0.6235232028696429,1.0,1.004047849065284,1.0033083498888096,1.0058045958097674,1.0114879564205954
hw_pdf4lhc_unc_0,1.0,0.011431061144526524,0.00906484656154031,0.0019075460372128532,0.0004586685457733601,1369.0,15.649122706856812,12.409774942748685,2.611430524944396,0.62791723916373,1.0,1.007740645691621,1.0063024251281623,1.012015980749204,1.0186160228198715
hw_pdf4lhc_unc_1,1.0,0.011289028865430645,0.00896293790060887,0.0018757089755996694,0.00045038198922210627,1369.0,15.454680516774554,12.270261985933542,2.5678455875959476,0.6165729432450635,1.0,0.9952193496513432,0.994989389442377,0.9951253712938666,1.0002131492090856
hw_pdf4lhc_unc_2,1.0,0.011339668210041337,0.009006630865729653,0.0018836389030429134,0.00044939844126876924,1369.0,15.524005779546592,12.330077655183894,2.5787016582657483,0.6152264660969451,1.0,0.9996836181204009,0.9998398120572098,0.9993324589039094,0.9980288753718822
hw_pdf4lhc_unc_3,1.0,0.011305124412029348,0.008976236282848792,0.001877241149927799,0.0004516469792527583,1369.0,15.476715320068177,12.288467471219995,2.569943134251157,0.6183047145970261,1.0,0.9966383024779496,0.9964656631120375,0.9959382402234292,1.003022452628305
hw_pdf4lhc_unc_4,1.0,0.011277382052138685,0.008959383775772588,0.0018717622495730735,0.0004462360267930225,1369.0,15.438736029377859,12.265396389032674,2.5624425196655376,0.6108971206796477,1.0,0.9941925887059948,0.9945948406303615,0.9930315031865522,0.9910057514069246
hw_pdf4lhc_unc_5,1.0,0.011380190283835146,0.00903115113856824,0.0018948025891763597,0.0004542365560905485,1369.0,15.579480498570316,12.36364590869992,2.5939847445824364,0.621849845287961,1.0,1.003255967204483,1.0025618448963494,1.0052551619740924,1.0087734126267691
hw_pdf4lhc_unc_6,1.0,0.0113328627370509,0.00900267709701409,0.0018822684651177697,0.00044791717491903964,1369.0,15.514689087022683,12.32466494581229,2.5768255287462267,0.6131986124641653,1.0,0.9990836605435048,0.9994008981693844,0.998605396461476,0.9947392631850374
hw_pdf4lhc_unc_7,1.0,0.011331518930700949,0.00900100643318306,0.0018818672586671953,0.00044864523885069406,1369.0,15.5128494161296,12.322377807027609,2.57627627711539,0.6141953319866001,1.0,0.9989651931272552,0.9992154352326069,0.9983925432292917,0.9963561553684113
hw_pdf4lhc_unc_8,1.0,0.011318756303350427,0.008990013031945973,0.0018798224292606496,0.00044892084214380343,1369.0,15.495377379286735,12.307327840734038,2.573476905657829,0.6145726328948669,1.0,0.997840064133164,0.9979950410152109,0.9973076939009087,0.9969682181158791
hw_pdf4lhc_unc_9,1.0,0.011349681494448325,0.009014692314184058,0.0018860643278115945,0.0004489248524526703,1369.0,15.537713965899757,12.341113778117975,2.582022064774073,0.6145781230077056,1.0,1.0005663702609249,1.0007347257300052,1.0006192266034175,0.9969771242527963
hw_pdf4lhc_unc_10,1.0,0.011335785222111648,0.009002420550690437,0.0018836507839336343,0.0004497138874875776,1369.0,15.518689969070845,12.324313733895208,2.5787179232051454,0.6156583119704937,1.0,0.9993413012773708,0.9993724185712028,0.999338762107628,0.9987294217158099
hw_pdf4lhc_unc_11,1.0,0.011330867150049941,0.009003034887435627,0.0018808568952932956,0.00044697536732101866,1369.0,15.51195712841837,12.325154760899373,2.5748930896565216,0.6119092778624745,1.0,0.9989077333826355,0.9994406170290954,0.9978565121921357,0.9926476867763256
hw_pdf4lhc_unc_12,1.0,0.011338202111766718,0.00900478766559383,0.0018832118580520767,0.00045020258812081114,1369.0,15.521998691008637,12.327554314197954,2.5781170336732933,0.6163273431373905,1.0,0.999554369680275,0.9996351956024158,0.9991058974753543,0.9998147333203686
hw_pdf4lhc_unc_13,1.0,0.011383136986599849,0.00903595753273027,0.0018934963060732403,0.0004536831477963395,1369.0,15.583514534655194,12.37022586230774,2.592196443014266,0.6210922293331888,1.0,1.003515742925146,1.0030954100337774,1.0045621357771095,1.007544397555129
hw_pdf4lhc_unc_14,1.0,0.011279657782105618,0.008968280423782206,0.0018684065808688476,0.00044297077745456497,1369.0,15.441851503702592,12.27757590015784,2.557848609209452,0.6064269943352995,1.0,0.994393212738821,0.9955824710780267,0.991251210449954,0.9837542506765948
hw_pdf4lhc_unc_15,1.0,0.011338801844977306,0.008999568080498021,0.0018829373849112445,0.000456296379568041,1369.0,15.522819725773932,12.32040870220179,2.577741279943494,0.6246697436286481,1.0,0.9996072410213728,0.9990557615100218,0.998960280436819,1.0133478906843754
hw_pdf4lhc_unc_16,1.0,0.011379617289893031,0.009035135771099285,0.001891914804989031,0.000452566713804716,1369.0,15.57869606986356,12.36910087063492,2.590031368029983,0.6195638311986562,1.0,1.0032054531465224,1.0030041850233458,1.0037230973793099,1.0050650089797233
hw_pdf4lhc_unc_17,1.0,0.011322817789717868,0.008994885191022881,0.0018794041501707154,0.00044852844852427253,1369.0,15.50093755412376,12.313997826510324,2.5729042815837095,0.6140354460297291,1.0,0.998198117059541,0.9985359068160181,0.997085783071409,0.9960967861596447
hw_pdf4lhc_unc_18,1.0,0.0113345010706936,0.009003359359779474,0.0018822230961037573,0.00044891861481037023,1369.0,15.51693196577954,12.3255989635381,2.5767634185660437,0.6145695836753968,1.0,0.9992280929266475,0.9994766371982493,0.9985813267057188,0.9969632716299164
hw_pdf4lhc_unc_19,1.0,0.011375877018762767,0.009035638556474402,0.0018901489145689372,0.00045008954771942676,1369.0,15.573575638686227,12.369789183813456,2.587613864044875,0.6161725908278952,1.0,1.0028757179455452,1.0030599999937222,1.0027862343676062,0.9995636919853192
hw_pdf4lhc_unc_20,1.0,0.0113382246497768,0.00900439553108147,0.001883863048893304,0.0004499660698020245,1369.0,15.522029545544438,12.327017482050532,2.5790085139349332,0.6160035495589715,1.0,0.9995563565884497,0.9995916641528666,0.9994513756577852,0.9992894709028198
hw_pdf4lhc_unc_21,1.0,0.01136576226828074,0.009022959076342228,0.0018899145283320909,0.00045288866360642104,1369.0,15.559728545276332,12.35243097551251,2.5872929892866323,0.6200045804771904,1.0,1.0019840207485051,1.0016524315898063,1.0026618847515398,1.0057799985502582
hw_pdf4lhc_unc_22,1.0,0.011346108588316695,0.009010365278797831,0.0018853123575048195,0.00045043095201404364,1369.0,15.532822657405555,12.335190066674231,2.580992617424098,0.6166399733072258,1.0,1.0002513896404417,1.0002543749404782,1.000220281596241,1.0003218863022412
hw_pdf4lhc_unc_23,1.0,0.01136230186859704,0.00902028008553474,0.0018898013976258302,0.00045222038543647134,1369.0,15.554991258109347,12.348763437097059,2.5871381133497615,0.6190897076625292,1.0,1.001678958482849,1.0013550327394043,1.0026018651869182,1.0042958792273087
hw_pdf4lhc_unc_24,1.0,0.011334922377005948,0.009002176592879491,0.0018828997749309544,0.0004498460091955031,1369.0,15.517508734121144,12.323979755652022,2.5776897918804766,0.6158391865886437,1.0,0.9992652344911856,0.9993453364429928,0.998940327103926,0.9990228390209541
hw_pdf4lhc_unc_25,1.0,0.011357943830583972,0.009018768276617923,0.0018878732499680829,0.00045130230399796704,1369.0,15.549025104069457,12.346693770689937,2.5844984792063053,0.6178328541732169,1.0,1.0012947621264732,1.001187204528635,1.0015789193681448,1.0022569941279669
hw_pdf4lhc_unc_26,1.0,0.011305842611925125,0.008982977386830519,0.001875536256902642,0.00044732896819196414,1369.0,15.477698535725496,12.29769604257098,2.567609135699717,0.612393357454799,1.0,0.9967016176170741,0.9972140033336618,0.9950337383381443,0.9934329673806906
hw_pdf4lhc_unc_27,1.0,0.011354588080692866,0.009017790467066142,0.0018865833911335507,0.00045021422249317286,1369.0,15.544431082468535,12.345355149413548,2.5827326624618308,0.6163432705931536,1.0,1.0009989255878275,1.0010786564008105,1.0008946067864342,0.9998405710592158
hw_pdf4lhc_unc_28,1.0,0.011335008928628296,0.009002395614641405,0.0018830312841023223,0.00044958202988456923,1369.0,15.517627223292138,12.324279596444084,2.577869827936079,0.6154777989119753,1.0,0.9992728647178714,0.9993696503824152,0.9990100970494178,0.9984365909376965
hw_pdf4lhc_unc_29,1.0,0.011338474862123039,0.00900430141168115,0.0018840746174860353,0.0004500988329558533,1369.0,15.52237208624644,12.326888632591494,2.5792981513383824,0.6161853023165631,1.0,0.9995784148338016,0.9995812158148665,0.9995636197623529,0.9995843127379016
hw_qcd_0,1.0,0.011169808992678588,0.008916506975477207,0.0018369212677253372,0.00041638074947604405,1369.0,15.291468510976987,12.206698049428297,2.5147452155159864,0.5700252460327043,1.0,0.9847091520391156,0.9898350217160471,0.9745472151394754,0.9247028315292843
hw_qcd_1,1.0,0.011130590956132273,0.008857556369310574,0.0018331480107887346,0.0004398865760329653,1369.0,15.237779018945082,12.125994669586175,2.509579626769778,0.6022047225891295,1.0,0.9812517644027223,0.9832908251270011,0.9725453780960592,0.9769048231006355
hw_qcd_2,1.0,0.011396054867343623,0.009046660803555083,0.0018821960223089082,0.00046719804147963136,1369.0,15.60119911339342,12.384878640066908,2.576726354540895,0.6395941187856153,1.0,1.004654558763598,1.0042835964321564,0.9985669631661175,1.037558418310131
hw_qcd_3,1.0,0.011963342210291371,0.009486008627302164,0.002007294954132512,0.0004700386288566957,1369.0,16.37781548588889,12.986345810776662,2.7479867922074086,0.6434828829048165,1.0,1.0546655337769353,1.0530562675976285,1.0649360655156064,1.0438668252047414
hw_qcd_4,1.0,0.010988575242147624,0.008736570672828625,0.0018135956269856688,0.000438408942333329,1369.0,15.043359506500096,11.960365251102388,2.4828124133433804,0.6001818420543273,1.0,0.9687319287111974,0.9698600186650197,0.9621721947052373,0.9736232783420553
hw_qcd_5,1.0,0.012368726787218252,0.009773363195025407,0.00209653065186517,0.000498832940327677,1369.0,16.932786971701788,13.379734213989783,2.8701504624034175,0.6829022953085898,1.0,1.0904034683519184,1.0849559358830694,1.1122785413442402,1.1078135407593337
hw_qcd_6,1.0,0.011516743340989734,0.009130454014384587,0.001925484532591566,0.0004608047940135799,1369.0,15.766421633814947,12.4995915456925,2.6359883251178537,0.6308417630045909,1.0,1.0152942254421289,1.0135856084071584,1.021532943191892,1.0233602258097225
hw_qcd_7,1.0,0.010949696157879258,0.008703300614673424,0.0018117569518646594,0.0004346385913411735,1369.0,14.990134040136704,11.914818541487918,2.480295267102719,0.5950202315460665,1.0,0.9653044224640401,0.9661666588294788,0.9611967170131831,0.9652500424451205
